Order Sequence,Access Entity,CB Profile,Campaign,,,,,,,,,,,,,,,,,Maintenance Type,Agent,,,,,,,,,,,,,,,,,,,Description
1,Promo Product Maintenance,BACK_OFFICE,Supervisor_Above_10_10,,,,,,,,,,,,,,,,,Add,,,,,,,,,,,,,,,,,,,,
2,Promo Product Maintenance,BACKOFFICE_COMPLAINTS,Supervisor_Above_10_10,,,,,,,,,,,,,,,,,Add,,,,,,,,,,,,,,,,,,,,
3,Promo Product Maintenance,CREDIT_COLLECTIONS,Supervisor_Above_10_10,,,,,,,,,,,,,,,,,Add,,,,,,,,,,,,,,,,,,,,
4,Promo Product Maintenance,SUPERVISORS,Supervisor_Above_10_10,,,,,,,,,,,,,,,,,Add,,,,,,,,,,,,,,,,,,,,
5,Promo Product Maintenance,GW8_SUPERVISORS,Supervisor_Above_10_10,,,,,,,,,,,,,,,,,Add,,,,,,,,,,,,,,,,,,,,
6,Promo Product Maintenance,GW8_SUPERVISORS_1,Supervisor_Above_10_10,,,,,,,,,,,,,,,,,Add,,,,,,,,,,,,,,,,,,,,
7,Promo Product Maintenance,GW8_SUPERVISORS_10,Supervisor_Above_10_10,,,,,,,,,,,,,,,,,Add,,,,,,,,,,,,,,,,,,,,
8,Promo Product Maintenance,GW8_SUPERVISORS_11,Supervisor_Above_10_10,,,,,,,,,,,,,,,,,Add,,,,,,,,,,,,,,,,,,,,
9,Promo Product Maintenance,GW8_SUPERVISORS_12,Supervisor_Above_10_10,,,,,,,,,,,,,,,,,Add,,,,,,,,,,,,,,,,,,,,
10,Promo Product Maintenance,GW8_SUPERVISORS_13,Supervisor_Above_10_10,,,,,,,,,,,,,,,,,Add,,,,,,,,,,,,,,,,,,,,
11,Promo Product Maintenance,GW8_SUPERVISORS_14,Supervisor_Above_10_10,,,,,,,,,,,,,,,,,Add,,,,,,,,,,,,,,,,,,,,
12,Promo Product Maintenance,GW8_SUPERVISORS_15,Supervisor_Above_10_10,,,,,,,,,,,,,,,,,Add,,,,,,,,,,,,,,,,,,,,
13,Promo Product Maintenance,GW8_SUPERVISORS_16,Supervisor_Above_10_10,,,,,,,,,,,,,,,,,Add,,,,,,,,,,,,,,,,,,,,
14,Promo Product Maintenance,GW8_SUPERVISORS_2,Supervisor_Above_10_10,,,,,,,,,,,,,,,,,Add,,,,,,,,,,,,,,,,,,,,
15,Promo Product Maintenance,GW8_SUPERVISORS_3,Supervisor_Above_10_10,,,,,,,,,,,,,,,,,Add,,,,,,,,,,,,,,,,,,,,
16,Promo Product Maintenance,GW8_SUPERVISORS_4,Supervisor_Above_10_10,,,,,,,,,,,,,,,,,Add,,,,,,,,,,,,,,,,,,,,
17,Promo Product Maintenance,GW8_SUPERVISORS_5,Supervisor_Above_10_10,,,,,,,,,,,,,,,,,Add,,,,,,,,,,,,,,,,,,,,
18,Promo Product Maintenance,GW8_SUPERVISORS_6,Supervisor_Above_10_10,,,,,,,,,,,,,,,,,Add,,,,,,,,,,,,,,,,,,,,
19,Promo Product Maintenance,GW8_SUPERVISORS_7,Supervisor_Above_10_10,,,,,,,,,,,,,,,,,Add,,,,,,,,,,,,,,,,,,,,
20,Promo Product Maintenance,GW8_SUPERVISORS_8,Supervisor_Above_10_10,,,,,,,,,,,,,,,,,Add,,,,,,,,,,,,,,,,,,,,
21,Promo Product Maintenance,GW8_SUPERVISORS_9,Supervisor_Above_10_10,,,,,,,,,,,,,,,,,Add,,,,,,,,,,,,,,,,,,,,
22,Promo Product Maintenance,GW8_SUPERVISORS_STARTEK,Supervisor_Above_10_10,,,,,,,,,,,,,,,,,Add,,,,,,,,,,,,,,,,,,,,
23,Promo Product Maintenance,GW8_SUPERVISORS_TP,Supervisor_Above_10_10,,,,,,,,,,,,,,,,,Add,,,,,,,,,,,,,,,,,,,,
24,Promo Product Maintenance,GW8_SUPERVISORS_WINDSOR,Supervisor_Above_10_10,,,,,,,,,,,,,,,,,Add,,,,,,,,,,,,,,,,,,,,
25,Promo Product Maintenance,GW8_BACKOFFICE_COMPLAINTS,Supervisor_Above_10_10,,,,,,,,,,,,,,,,,Add,,,,,,,,,,,,,,,,,,,,
26,Promo Product Maintenance,GW8_BACKOFFICE_COMPLAINTS_1,Supervisor_Above_10_10,,,,,,,,,,,,,,,,,Add,,,,,,,,,,,,,,,,,,,,
27,Promo Product Maintenance,GW8_BACKOFFICE_COMPLAINTS_2,Supervisor_Above_10_10,,,,,,,,,,,,,,,,,Add,,,,,,,,,,,,,,,,,,,,
28,Promo Product Maintenance,GW8_BACKOFFICE_COMPLAINTS_3,Supervisor_Above_10_10,,,,,,,,,,,,,,,,,Add,,,,,,,,,,,,,,,,,,,,
29,Promo Product Maintenance,GW8_BACKOFFICE_COMPLAINTS_4,Supervisor_Above_10_10,,,,,,,,,,,,,,,,,Add,,,,,,,,,,,,,,,,,,,,
30,Promo Product Maintenance,GW8_BACKOFFICE_COMPLAINTS_5,Supervisor_Above_10_10,,,,,,,,,,,,,,,,,Add,,,,,,,,,,,,,,,,,,,,
31,Promo Product Maintenance,GW8_BACK_OFFICE,Supervisor_Above_10_10,,,,,,,,,,,,,,,,,Add,,,,,,,,,,,,,,,,,,,,
32,Promo Product Maintenance,GW8_CREDIT_COLLECTIONS,Supervisor_Above_10_10,,,,,,,,,,,,,,,,,Add,,,,,,,,,,,,,,,,,,,,
33,Promo Product Maintenance,GW8_CREDIT_COLLECTIONS_1,Supervisor_Above_10_10,,,,,,,,,,,,,,,,,Add,,,,,,,,,,,,,,,,,,,,
34,Promo Product Maintenance,GW8_CREDIT_COLLECTIONS_10,Supervisor_Above_10_10,,,,,,,,,,,,,,,,,Add,,,,,,,,,,,,,,,,,,,,
35,Promo Product Maintenance,GW8_CREDIT_COLLECTIONS_2,Supervisor_Above_10_10,,,,,,,,,,,,,,,,,Add,,,,,,,,,,,,,,,,,,,,
36,Promo Product Maintenance,GW8_CREDIT_COLLECTIONS_3,Supervisor_Above_10_10,,,,,,,,,,,,,,,,,Add,,,,,,,,,,,,,,,,,,,,
37,Promo Product Maintenance,GW8_CREDIT_COLLECTIONS_4,Supervisor_Above_10_10,,,,,,,,,,,,,,,,,Add,,,,,,,,,,,,,,,,,,,,
38,Promo Product Maintenance,GW8_CREDIT_COLLECTIONS_5,Supervisor_Above_10_10,,,,,,,,,,,,,,,,,Add,,,,,,,,,,,,,,,,,,,,
39,Promo Product Maintenance,GW8_CREDIT_COLLECTIONS_6,Supervisor_Above_10_10,,,,,,,,,,,,,,,,,Add,,,,,,,,,,,,,,,,,,,,
40,Promo Product Maintenance,GW8_CREDIT_COLLECTIONS_7,Supervisor_Above_10_10,,,,,,,,,,,,,,,,,Add,,,,,,,,,,,,,,,,,,,,
41,Promo Product Maintenance,GW8_CREDIT_COLLECTIONS_8,Supervisor_Above_10_10,,,,,,,,,,,,,,,,,Add,,,,,,,,,,,,,,,,,,,,
42,Promo Product Maintenance,GW8_CREDIT_COLLECTIONS_9,Supervisor_Above_10_10,,,,,,,,,,,,,,,,,Add,,,,,,,,,,,,,,,,,,,,
1,Promo Product Maintenance,BACK_OFFICE,Supervisor_Above_6_10,,,,,,,,,,,,,,,,,Add,,,,,,,,,,,,,,,,,,,,
2,Promo Product Maintenance,BACKOFFICE_COMPLAINTS,Supervisor_Above_6_10,,,,,,,,,,,,,,,,,Add,,,,,,,,,,,,,,,,,,,,
3,Promo Product Maintenance,CREDIT_COLLECTIONS,Supervisor_Above_6_10,,,,,,,,,,,,,,,,,Add,,,,,,,,,,,,,,,,,,,,
4,Promo Product Maintenance,SUPERVISORS,Supervisor_Above_6_10,,,,,,,,,,,,,,,,,Add,,,,,,,,,,,,,,,,,,,,
5,Promo Product Maintenance,GW8_SUPERVISORS,Supervisor_Above_6_10,,,,,,,,,,,,,,,,,Add,,,,,,,,,,,,,,,,,,,,
6,Promo Product Maintenance,GW8_SUPERVISORS_1,Supervisor_Above_6_10,,,,,,,,,,,,,,,,,Add,,,,,,,,,,,,,,,,,,,,
7,Promo Product Maintenance,GW8_SUPERVISORS_10,Supervisor_Above_6_10,,,,,,,,,,,,,,,,,Add,,,,,,,,,,,,,,,,,,,,
8,Promo Product Maintenance,GW8_SUPERVISORS_11,Supervisor_Above_6_10,,,,,,,,,,,,,,,,,Add,,,,,,,,,,,,,,,,,,,,
9,Promo Product Maintenance,GW8_SUPERVISORS_12,Supervisor_Above_6_10,,,,,,,,,,,,,,,,,Add,,,,,,,,,,,,,,,,,,,,
10,Promo Product Maintenance,GW8_SUPERVISORS_13,Supervisor_Above_6_10,,,,,,,,,,,,,,,,,Add,,,,,,,,,,,,,,,,,,,,
11,Promo Product Maintenance,GW8_SUPERVISORS_14,Supervisor_Above_6_10,,,,,,,,,,,,,,,,,Add,,,,,,,,,,,,,,,,,,,,
12,Promo Product Maintenance,GW8_SUPERVISORS_15,Supervisor_Above_6_10,,,,,,,,,,,,,,,,,Add,,,,,,,,,,,,,,,,,,,,
13,Promo Product Maintenance,GW8_SUPERVISORS_16,Supervisor_Above_6_10,,,,,,,,,,,,,,,,,Add,,,,,,,,,,,,,,,,,,,,
14,Promo Product Maintenance,GW8_SUPERVISORS_2,Supervisor_Above_6_10,,,,,,,,,,,,,,,,,Add,,,,,,,,,,,,,,,,,,,,
15,Promo Product Maintenance,GW8_SUPERVISORS_3,Supervisor_Above_6_10,,,,,,,,,,,,,,,,,Add,,,,,,,,,,,,,,,,,,,,
16,Promo Product Maintenance,GW8_SUPERVISORS_4,Supervisor_Above_6_10,,,,,,,,,,,,,,,,,Add,,,,,,,,,,,,,,,,,,,,
17,Promo Product Maintenance,GW8_SUPERVISORS_5,Supervisor_Above_6_10,,,,,,,,,,,,,,,,,Add,,,,,,,,,,,,,,,,,,,,
18,Promo Product Maintenance,GW8_SUPERVISORS_6,Supervisor_Above_6_10,,,,,,,,,,,,,,,,,Add,,,,,,,,,,,,,,,,,,,,
19,Promo Product Maintenance,GW8_SUPERVISORS_7,Supervisor_Above_6_10,,,,,,,,,,,,,,,,,Add,,,,,,,,,,,,,,,,,,,,
20,Promo Product Maintenance,GW8_SUPERVISORS_8,Supervisor_Above_6_10,,,,,,,,,,,,,,,,,Add,,,,,,,,,,,,,,,,,,,,
21,Promo Product Maintenance,GW8_SUPERVISORS_9,Supervisor_Above_6_10,,,,,,,,,,,,,,,,,Add,,,,,,,,,,,,,,,,,,,,
22,Promo Product Maintenance,GW8_SUPERVISORS_STARTEK,Supervisor_Above_6_10,,,,,,,,,,,,,,,,,Add,,,,,,,,,,,,,,,,,,,,
23,Promo Product Maintenance,GW8_SUPERVISORS_TP,Supervisor_Above_6_10,,,,,,,,,,,,,,,,,Add,,,,,,,,,,,,,,,,,,,,
24,Promo Product Maintenance,GW8_SUPERVISORS_WINDSOR,Supervisor_Above_6_10,,,,,,,,,,,,,,,,,Add,,,,,,,,,,,,,,,,,,,,
25,Promo Product Maintenance,GW8_BACKOFFICE_COMPLAINTS,Supervisor_Above_6_10,,,,,,,,,,,,,,,,,Add,,,,,,,,,,,,,,,,,,,,
26,Promo Product Maintenance,GW8_BACKOFFICE_COMPLAINTS_1,Supervisor_Above_6_10,,,,,,,,,,,,,,,,,Add,,,,,,,,,,,,,,,,,,,,
27,Promo Product Maintenance,GW8_BACKOFFICE_COMPLAINTS_2,Supervisor_Above_6_10,,,,,,,,,,,,,,,,,Add,,,,,,,,,,,,,,,,,,,,
28,Promo Product Maintenance,GW8_BACKOFFICE_COMPLAINTS_3,Supervisor_Above_6_10,,,,,,,,,,,,,,,,,Add,,,,,,,,,,,,,,,,,,,,
29,Promo Product Maintenance,GW8_BACKOFFICE_COMPLAINTS_4,Supervisor_Above_6_10,,,,,,,,,,,,,,,,,Add,,,,,,,,,,,,,,,,,,,,
30,Promo Product Maintenance,GW8_BACKOFFICE_COMPLAINTS_5,Supervisor_Above_6_10,,,,,,,,,,,,,,,,,Add,,,,,,,,,,,,,,,,,,,,
31,Promo Product Maintenance,GW8_BACK_OFFICE,Supervisor_Above_6_10,,,,,,,,,,,,,,,,,Add,,,,,,,,,,,,,,,,,,,,
32,Promo Product Maintenance,GW8_CREDIT_COLLECTIONS,Supervisor_Above_6_10,,,,,,,,,,,,,,,,,Add,,,,,,,,,,,,,,,,,,,,
33,Promo Product Maintenance,GW8_CREDIT_COLLECTIONS_1,Supervisor_Above_6_10,,,,,,,,,,,,,,,,,Add,,,,,,,,,,,,,,,,,,,,
34,Promo Product Maintenance,GW8_CREDIT_COLLECTIONS_10,Supervisor_Above_6_10,,,,,,,,,,,,,,,,,Add,,,,,,,,,,,,,,,,,,,,
35,Promo Product Maintenance,GW8_CREDIT_COLLECTIONS_2,Supervisor_Above_6_10,,,,,,,,,,,,,,,,,Add,,,,,,,,,,,,,,,,,,,,
36,Promo Product Maintenance,GW8_CREDIT_COLLECTIONS_3,Supervisor_Above_6_10,,,,,,,,,,,,,,,,,Add,,,,,,,,,,,,,,,,,,,,
37,Promo Product Maintenance,GW8_CREDIT_COLLECTIONS_4,Supervisor_Above_6_10,,,,,,,,,,,,,,,,,Add,,,,,,,,,,,,,,,,,,,,
38,Promo Product Maintenance,GW8_CREDIT_COLLECTIONS_5,Supervisor_Above_6_10,,,,,,,,,,,,,,,,,Add,,,,,,,,,,,,,,,,,,,,
39,Promo Product Maintenance,GW8_CREDIT_COLLECTIONS_6,Supervisor_Above_6_10,,,,,,,,,,,,,,,,,Add,,,,,,,,,,,,,,,,,,,,
40,Promo Product Maintenance,GW8_CREDIT_COLLECTIONS_7,Supervisor_Above_6_10,,,,,,,,,,,,,,,,,Add,,,,,,,,,,,,,,,,,,,,
41,Promo Product Maintenance,GW8_CREDIT_COLLECTIONS_8,Supervisor_Above_6_10,,,,,,,,,,,,,,,,,Add,,,,,,,,,,,,,,,,,,,,
42,Promo Product Maintenance,GW8_CREDIT_COLLECTIONS_9,Supervisor_Above_6_10,,,,,,,,,,,,,,,,,Add,,,,,,,,,,,,,,,,,,,,
1,Promo Product Maintenance,BACK_OFFICE,Loyalty_Above_10_10,,,,,,,,,,,,,,,,,Add,,,,,,,,,,,,,,,,,,,,
2,Promo Product Maintenance,BACKOFFICE_COMPLAINTS,Loyalty_Above_10_10,,,,,,,,,,,,,,,,,Add,,,,,,,,,,,,,,,,,,,,
3,Promo Product Maintenance,CREDIT_COLLECTIONS,Loyalty_Above_10_10,,,,,,,,,,,,,,,,,Add,,,,,,,,,,,,,,,,,,,,
4,Promo Product Maintenance,SUPERVISORS,Loyalty_Above_10_10,,,,,,,,,,,,,,,,,Add,,,,,,,,,,,,,,,,,,,,
5,Promo Product Maintenance,GW8_SUPERVISORS,Loyalty_Above_10_10,,,,,,,,,,,,,,,,,Add,,,,,,,,,,,,,,,,,,,,
6,Promo Product Maintenance,GW8_SUPERVISORS_1,Loyalty_Above_10_10,,,,,,,,,,,,,,,,,Add,,,,,,,,,,,,,,,,,,,,
7,Promo Product Maintenance,GW8_SUPERVISORS_10,Loyalty_Above_10_10,,,,,,,,,,,,,,,,,Add,,,,,,,,,,,,,,,,,,,,
8,Promo Product Maintenance,GW8_SUPERVISORS_11,Loyalty_Above_10_10,,,,,,,,,,,,,,,,,Add,,,,,,,,,,,,,,,,,,,,
9,Promo Product Maintenance,GW8_SUPERVISORS_12,Loyalty_Above_10_10,,,,,,,,,,,,,,,,,Add,,,,,,,,,,,,,,,,,,,,
10,Promo Product Maintenance,GW8_SUPERVISORS_13,Loyalty_Above_10_10,,,,,,,,,,,,,,,,,Add,,,,,,,,,,,,,,,,,,,,
11,Promo Product Maintenance,GW8_SUPERVISORS_14,Loyalty_Above_10_10,,,,,,,,,,,,,,,,,Add,,,,,,,,,,,,,,,,,,,,
12,Promo Product Maintenance,GW8_SUPERVISORS_15,Loyalty_Above_10_10,,,,,,,,,,,,,,,,,Add,,,,,,,,,,,,,,,,,,,,
13,Promo Product Maintenance,GW8_SUPERVISORS_16,Loyalty_Above_10_10,,,,,,,,,,,,,,,,,Add,,,,,,,,,,,,,,,,,,,,
14,Promo Product Maintenance,GW8_SUPERVISORS_2,Loyalty_Above_10_10,,,,,,,,,,,,,,,,,Add,,,,,,,,,,,,,,,,,,,,
15,Promo Product Maintenance,GW8_SUPERVISORS_3,Loyalty_Above_10_10,,,,,,,,,,,,,,,,,Add,,,,,,,,,,,,,,,,,,,,
16,Promo Product Maintenance,GW8_SUPERVISORS_4,Loyalty_Above_10_10,,,,,,,,,,,,,,,,,Add,,,,,,,,,,,,,,,,,,,,
17,Promo Product Maintenance,GW8_SUPERVISORS_5,Loyalty_Above_10_10,,,,,,,,,,,,,,,,,Add,,,,,,,,,,,,,,,,,,,,
18,Promo Product Maintenance,GW8_SUPERVISORS_6,Loyalty_Above_10_10,,,,,,,,,,,,,,,,,Add,,,,,,,,,,,,,,,,,,,,
19,Promo Product Maintenance,GW8_SUPERVISORS_7,Loyalty_Above_10_10,,,,,,,,,,,,,,,,,Add,,,,,,,,,,,,,,,,,,,,
20,Promo Product Maintenance,GW8_SUPERVISORS_8,Loyalty_Above_10_10,,,,,,,,,,,,,,,,,Add,,,,,,,,,,,,,,,,,,,,
21,Promo Product Maintenance,GW8_SUPERVISORS_9,Loyalty_Above_10_10,,,,,,,,,,,,,,,,,Add,,,,,,,,,,,,,,,,,,,,
22,Promo Product Maintenance,GW8_SUPERVISORS_STARTEK,Loyalty_Above_10_10,,,,,,,,,,,,,,,,,Add,,,,,,,,,,,,,,,,,,,,
23,Promo Product Maintenance,GW8_SUPERVISORS_TP,Loyalty_Above_10_10,,,,,,,,,,,,,,,,,Add,,,,,,,,,,,,,,,,,,,,
24,Promo Product Maintenance,GW8_SUPERVISORS_WINDSOR,Loyalty_Above_10_10,,,,,,,,,,,,,,,,,Add,,,,,,,,,,,,,,,,,,,,
25,Promo Product Maintenance,GW8_BACKOFFICE_COMPLAINTS,Loyalty_Above_10_10,,,,,,,,,,,,,,,,,Add,,,,,,,,,,,,,,,,,,,,
26,Promo Product Maintenance,GW8_BACKOFFICE_COMPLAINTS_1,Loyalty_Above_10_10,,,,,,,,,,,,,,,,,Add,,,,,,,,,,,,,,,,,,,,
27,Promo Product Maintenance,GW8_BACKOFFICE_COMPLAINTS_2,Loyalty_Above_10_10,,,,,,,,,,,,,,,,,Add,,,,,,,,,,,,,,,,,,,,
28,Promo Product Maintenance,GW8_BACKOFFICE_COMPLAINTS_3,Loyalty_Above_10_10,,,,,,,,,,,,,,,,,Add,,,,,,,,,,,,,,,,,,,,
29,Promo Product Maintenance,GW8_BACKOFFICE_COMPLAINTS_4,Loyalty_Above_10_10,,,,,,,,,,,,,,,,,Add,,,,,,,,,,,,,,,,,,,,
30,Promo Product Maintenance,GW8_BACKOFFICE_COMPLAINTS_5,Loyalty_Above_10_10,,,,,,,,,,,,,,,,,Add,,,,,,,,,,,,,,,,,,,,
31,Promo Product Maintenance,GW8_BACK_OFFICE,Loyalty_Above_10_10,,,,,,,,,,,,,,,,,Add,,,,,,,,,,,,,,,,,,,,
32,Promo Product Maintenance,GW8_CREDIT_COLLECTIONS,Loyalty_Above_10_10,,,,,,,,,,,,,,,,,Add,,,,,,,,,,,,,,,,,,,,
33,Promo Product Maintenance,GW8_CREDIT_COLLECTIONS_1,Loyalty_Above_10_10,,,,,,,,,,,,,,,,,Add,,,,,,,,,,,,,,,,,,,,
34,Promo Product Maintenance,GW8_CREDIT_COLLECTIONS_10,Loyalty_Above_10_10,,,,,,,,,,,,,,,,,Add,,,,,,,,,,,,,,,,,,,,
35,Promo Product Maintenance,GW8_CREDIT_COLLECTIONS_2,Loyalty_Above_10_10,,,,,,,,,,,,,,,,,Add,,,,,,,,,,,,,,,,,,,,
36,Promo Product Maintenance,GW8_CREDIT_COLLECTIONS_3,Loyalty_Above_10_10,,,,,,,,,,,,,,,,,Add,,,,,,,,,,,,,,,,,,,,
37,Promo Product Maintenance,GW8_CREDIT_COLLECTIONS_4,Loyalty_Above_10_10,,,,,,,,,,,,,,,,,Add,,,,,,,,,,,,,,,,,,,,
38,Promo Product Maintenance,GW8_CREDIT_COLLECTIONS_5,Loyalty_Above_10_10,,,,,,,,,,,,,,,,,Add,,,,,,,,,,,,,,,,,,,,
39,Promo Product Maintenance,GW8_CREDIT_COLLECTIONS_6,Loyalty_Above_10_10,,,,,,,,,,,,,,,,,Add,,,,,,,,,,,,,,,,,,,,
40,Promo Product Maintenance,GW8_CREDIT_COLLECTIONS_7,Loyalty_Above_10_10,,,,,,,,,,,,,,,,,Add,,,,,,,,,,,,,,,,,,,,
41,Promo Product Maintenance,GW8_CREDIT_COLLECTIONS_8,Loyalty_Above_10_10,,,,,,,,,,,,,,,,,Add,,,,,,,,,,,,,,,,,,,,
42,Promo Product Maintenance,GW8_CREDIT_COLLECTIONS_9,Loyalty_Above_10_10,,,,,,,,,,,,,,,,,Add,,,,,,,,,,,,,,,,,,,,
63,Promo Product Maintenance,GW8_DEDICATED_BO,Supervisor_Above_10_10,,,,,,,,,,,,,,,,,Add,,,,,,,,,,,,,,,,,,,,
63,Promo Product Maintenance,GW8_DEDICATED_BO,Supervisor_Above_6_10,,,,,,,,,,,,,,,,,Add,,,,,,,,,,,,,,,,,,,,
63,Promo Product Maintenance,GW8_DEDICATED_BO,Loyalty_Above_10_10,,,,,,,,,,,,,,,,,Add,,,,,,,,,,,,,,,,,,,,
1,Promo Product Maintenance,BACK_OFFICE,Freedom 10 PA,,,,,,,,,,,,,,,,,Add,,,,,,,,,,,,,,,,,,,,
2,Promo Product Maintenance,BACKOFFICE_COMPLAINTS,Freedom 10 PA,,,,,,,,,,,,,,,,,Add,,,,,,,,,,,,,,,,,,,,
3,Promo Product Maintenance,CREDIT_COLLECTIONS,Freedom 10 PA,,,,,,,,,,,,,,,,,Add,,,,,,,,,,,,,,,,,,,,
4,Promo Product Maintenance,SUPERVISORS,Freedom 10 PA,,,,,,,,,,,,,,,,,Add,,,,,,,,,,,,,,,,,,,,
5,Promo Product Maintenance,GW8_SUPERVISORS,Freedom 10 PA,,,,,,,,,,,,,,,,,Add,,,,,,,,,,,,,,,,,,,,
6,Promo Product Maintenance,GW8_SUPERVISORS_1,Freedom 10 PA,,,,,,,,,,,,,,,,,Add,,,,,,,,,,,,,,,,,,,,
7,Promo Product Maintenance,GW8_SUPERVISORS_10,Freedom 10 PA,,,,,,,,,,,,,,,,,Add,,,,,,,,,,,,,,,,,,,,
8,Promo Product Maintenance,GW8_SUPERVISORS_11,Freedom 10 PA,,,,,,,,,,,,,,,,,Add,,,,,,,,,,,,,,,,,,,,
9,Promo Product Maintenance,GW8_SUPERVISORS_12,Freedom 10 PA,,,,,,,,,,,,,,,,,Add,,,,,,,,,,,,,,,,,,,,
10,Promo Product Maintenance,GW8_SUPERVISORS_13,Freedom 10 PA,,,,,,,,,,,,,,,,,Add,,,,,,,,,,,,,,,,,,,,
11,Promo Product Maintenance,GW8_SUPERVISORS_14,Freedom 10 PA,,,,,,,,,,,,,,,,,Add,,,,,,,,,,,,,,,,,,,,
12,Promo Product Maintenance,GW8_SUPERVISORS_15,Freedom 10 PA,,,,,,,,,,,,,,,,,Add,,,,,,,,,,,,,,,,,,,,
13,Promo Product Maintenance,GW8_SUPERVISORS_16,Freedom 10 PA,,,,,,,,,,,,,,,,,Add,,,,,,,,,,,,,,,,,,,,
14,Promo Product Maintenance,GW8_SUPERVISORS_2,Freedom 10 PA,,,,,,,,,,,,,,,,,Add,,,,,,,,,,,,,,,,,,,,
15,Promo Product Maintenance,GW8_SUPERVISORS_3,Freedom 10 PA,,,,,,,,,,,,,,,,,Add,,,,,,,,,,,,,,,,,,,,
16,Promo Product Maintenance,GW8_SUPERVISORS_4,Freedom 10 PA,,,,,,,,,,,,,,,,,Add,,,,,,,,,,,,,,,,,,,,
17,Promo Product Maintenance,GW8_SUPERVISORS_5,Freedom 10 PA,,,,,,,,,,,,,,,,,Add,,,,,,,,,,,,,,,,,,,,
18,Promo Product Maintenance,GW8_SUPERVISORS_6,Freedom 10 PA,,,,,,,,,,,,,,,,,Add,,,,,,,,,,,,,,,,,,,,
19,Promo Product Maintenance,GW8_SUPERVISORS_7,Freedom 10 PA,,,,,,,,,,,,,,,,,Add,,,,,,,,,,,,,,,,,,,,
20,Promo Product Maintenance,GW8_SUPERVISORS_8,Freedom 10 PA,,,,,,,,,,,,,,,,,Add,,,,,,,,,,,,,,,,,,,,
21,Promo Product Maintenance,GW8_SUPERVISORS_9,Freedom 10 PA,,,,,,,,,,,,,,,,,Add,,,,,,,,,,,,,,,,,,,,
22,Promo Product Maintenance,GW8_SUPERVISORS_STARTEK,Freedom 10 PA,,,,,,,,,,,,,,,,,Add,,,,,,,,,,,,,,,,,,,,
23,Promo Product Maintenance,GW8_SUPERVISORS_TP,Freedom 10 PA,,,,,,,,,,,,,,,,,Add,,,,,,,,,,,,,,,,,,,,
24,Promo Product Maintenance,GW8_SUPERVISORS_WINDSOR,Freedom 10 PA,,,,,,,,,,,,,,,,,Add,,,,,,,,,,,,,,,,,,,,
25,Promo Product Maintenance,GW8_BACKOFFICE_COMPLAINTS,Freedom 10 PA,,,,,,,,,,,,,,,,,Add,,,,,,,,,,,,,,,,,,,,
26,Promo Product Maintenance,GW8_BACKOFFICE_COMPLAINTS_1,Freedom 10 PA,,,,,,,,,,,,,,,,,Add,,,,,,,,,,,,,,,,,,,,
27,Promo Product Maintenance,GW8_BACKOFFICE_COMPLAINTS_2,Freedom 10 PA,,,,,,,,,,,,,,,,,Add,,,,,,,,,,,,,,,,,,,,
28,Promo Product Maintenance,GW8_BACKOFFICE_COMPLAINTS_3,Freedom 10 PA,,,,,,,,,,,,,,,,,Add,,,,,,,,,,,,,,,,,,,,
29,Promo Product Maintenance,GW8_BACKOFFICE_COMPLAINTS_4,Freedom 10 PA,,,,,,,,,,,,,,,,,Add,,,,,,,,,,,,,,,,,,,,
35,Promo Product Maintenance,GW8_BACKOFFICE_COMPLAINTS_5,Freedom 10 PA,,,,,,,,,,,,,,,,,Add,,,,,,,,,,,,,,,,,,,,
31,Promo Product Maintenance,GW8_BACK_OFFICE,Freedom 10 PA,,,,,,,,,,,,,,,,,Add,,,,,,,,,,,,,,,,,,,,
32,Promo Product Maintenance,GW8_CREDIT_COLLECTIONS,Freedom 10 PA,,,,,,,,,,,,,,,,,Add,,,,,,,,,,,,,,,,,,,,
33,Promo Product Maintenance,GW8_CREDIT_COLLECTIONS_1,Freedom 10 PA,,,,,,,,,,,,,,,,,Add,,,,,,,,,,,,,,,,,,,,
34,Promo Product Maintenance,GW8_CREDIT_COLLECTIONS_10,Freedom 10 PA,,,,,,,,,,,,,,,,,Add,,,,,,,,,,,,,,,,,,,,
35,Promo Product Maintenance,GW8_CREDIT_COLLECTIONS_2,Freedom 10 PA,,,,,,,,,,,,,,,,,Add,,,,,,,,,,,,,,,,,,,,
36,Promo Product Maintenance,GW8_CREDIT_COLLECTIONS_3,Freedom 10 PA,,,,,,,,,,,,,,,,,Add,,,,,,,,,,,,,,,,,,,,
37,Promo Product Maintenance,GW8_CREDIT_COLLECTIONS_4,Freedom 10 PA,,,,,,,,,,,,,,,,,Add,,,,,,,,,,,,,,,,,,,,
38,Promo Product Maintenance,GW8_CREDIT_COLLECTIONS_5,Freedom 10 PA,,,,,,,,,,,,,,,,,Add,,,,,,,,,,,,,,,,,,,,
39,Promo Product Maintenance,GW8_CREDIT_COLLECTIONS_6,Freedom 10 PA,,,,,,,,,,,,,,,,,Add,,,,,,,,,,,,,,,,,,,,
40,Promo Product Maintenance,GW8_CREDIT_COLLECTIONS_7,Freedom 10 PA,,,,,,,,,,,,,,,,,Add,,,,,,,,,,,,,,,,,,,,
41,Promo Product Maintenance,GW8_CREDIT_COLLECTIONS_8,Freedom 10 PA,,,,,,,,,,,,,,,,,Add,,,,,,,,,,,,,,,,,,,,
42,Promo Product Maintenance,GW8_CREDIT_COLLECTIONS_9,Freedom 10 PA,,,,,,,,,,,,,,,,,Add,,,,,,,,,,,,,,,,,,,,
43,Promo Product Maintenance,CARE,Freedom 10 PA,,,,,,,,,,,,,,,,,Add,,,,,,,,,,,,,,,,,,,,
44,Promo Product Maintenance,CUSTOMER_CARE,Freedom 10 PA,,,,,,,,,,,,,,,,,Add,,,,,,,,,,,,,,,,,,,,
45,Promo Product Maintenance,GW8_CUSTOMER_CARE,Freedom 10 PA,,,,,,,,,,,,,,,,,Add,,,,,,,,,,,,,,,,,,,,
46,Promo Product Maintenance,GW8_CUSTOMER_CARE_1,Freedom 10 PA,,,,,,,,,,,,,,,,,Add,,,,,,,,,,,,,,,,,,,,
47,Promo Product Maintenance,GW8_CUSTOMER_CARE_10,Freedom 10 PA,,,,,,,,,,,,,,,,,Add,,,,,,,,,,,,,,,,,,,,
48,Promo Product Maintenance,GW8_CUSTOMER_CARE_11,Freedom 10 PA,,,,,,,,,,,,,,,,,Add,,,,,,,,,,,,,,,,,,,,
49,Promo Product Maintenance,GW8_CUSTOMER_CARE_12,Freedom 10 PA,,,,,,,,,,,,,,,,,Add,,,,,,,,,,,,,,,,,,,,
50,Promo Product Maintenance,GW8_CUSTOMER_CARE_13,Freedom 10 PA,,,,,,,,,,,,,,,,,Add,,,,,,,,,,,,,,,,,,,,
51,Promo Product Maintenance,GW8_CUSTOMER_CARE_14,Freedom 10 PA,,,,,,,,,,,,,,,,,Add,,,,,,,,,,,,,,,,,,,,
52,Promo Product Maintenance,GW8_CUSTOMER_CARE_15,Freedom 10 PA,,,,,,,,,,,,,,,,,Add,,,,,,,,,,,,,,,,,,,,
53,Promo Product Maintenance,GW8_DEDICATED_CC,Freedom 10 PA,,,,,,,,,,,,,,,,,Add,,,,,,,,,,,,,,,,,,,,
54,Promo Product Maintenance,GW8_CUSTOMER_CARE_2,Freedom 10 PA,,,,,,,,,,,,,,,,,Add,,,,,,,,,,,,,,,,,,,,
55,Promo Product Maintenance,GW8_CUSTOMER_CARE_3,Freedom 10 PA,,,,,,,,,,,,,,,,,Add,,,,,,,,,,,,,,,,,,,,
56,Promo Product Maintenance,GW8_CUSTOMER_CARE_4,Freedom 10 PA,,,,,,,,,,,,,,,,,Add,,,,,,,,,,,,,,,,,,,,
57,Promo Product Maintenance,GW8_CUSTOMER_CARE_5,Freedom 10 PA,,,,,,,,,,,,,,,,,Add,,,,,,,,,,,,,,,,,,,,
58,Promo Product Maintenance,GW8_CUSTOMER_CARE_6,Freedom 10 PA,,,,,,,,,,,,,,,,,Add,,,,,,,,,,,,,,,,,,,,
59,Promo Product Maintenance,GW8_CUSTOMER_CARE_7,Freedom 10 PA,,,,,,,,,,,,,,,,,Add,,,,,,,,,,,,,,,,,,,,
60,Promo Product Maintenance,GW8_CUSTOMER_CARE_8,Freedom 10 PA,,,,,,,,,,,,,,,,,Add,,,,,,,,,,,,,,,,,,,,
61,Promo Product Maintenance,GW8_CUSTOMER_CARE_9,Freedom 10 PA,,,,,,,,,,,,,,,,,Add,,,,,,,,,,,,,,,,,,,,
1,Promo Product Maintenance,BACK_OFFICE,BYOP 150 Prepaid,,,,,,,,,,,,,,,,,Add,,,,,,,,,,,,,,,,,,,,
2,Promo Product Maintenance,BACKOFFICE_COMPLAINTS,BYOP 150 Prepaid,,,,,,,,,,,,,,,,,Add,,,,,,,,,,,,,,,,,,,,
3,Promo Product Maintenance,CREDIT_COLLECTIONS,BYOP 150 Prepaid,,,,,,,,,,,,,,,,,Add,,,,,,,,,,,,,,,,,,,,
4,Promo Product Maintenance,SUPERVISORS,BYOP 150 Prepaid,,,,,,,,,,,,,,,,,Add,,,,,,,,,,,,,,,,,,,,
5,Promo Product Maintenance,GW8_SUPERVISORS,BYOP 150 Prepaid,,,,,,,,,,,,,,,,,Add,,,,,,,,,,,,,,,,,,,,
6,Promo Product Maintenance,GW8_SUPERVISORS_1,BYOP 150 Prepaid,,,,,,,,,,,,,,,,,Add,,,,,,,,,,,,,,,,,,,,
7,Promo Product Maintenance,GW8_SUPERVISORS_10,BYOP 150 Prepaid,,,,,,,,,,,,,,,,,Add,,,,,,,,,,,,,,,,,,,,
8,Promo Product Maintenance,GW8_SUPERVISORS_11,BYOP 150 Prepaid,,,,,,,,,,,,,,,,,Add,,,,,,,,,,,,,,,,,,,,
9,Promo Product Maintenance,GW8_SUPERVISORS_12,BYOP 150 Prepaid,,,,,,,,,,,,,,,,,Add,,,,,,,,,,,,,,,,,,,,
10,Promo Product Maintenance,GW8_SUPERVISORS_13,BYOP 150 Prepaid,,,,,,,,,,,,,,,,,Add,,,,,,,,,,,,,,,,,,,,
11,Promo Product Maintenance,GW8_SUPERVISORS_14,BYOP 150 Prepaid,,,,,,,,,,,,,,,,,Add,,,,,,,,,,,,,,,,,,,,
12,Promo Product Maintenance,GW8_SUPERVISORS_15,BYOP 150 Prepaid,,,,,,,,,,,,,,,,,Add,,,,,,,,,,,,,,,,,,,,
13,Promo Product Maintenance,GW8_SUPERVISORS_16,BYOP 150 Prepaid,,,,,,,,,,,,,,,,,Add,,,,,,,,,,,,,,,,,,,,
14,Promo Product Maintenance,GW8_SUPERVISORS_2,BYOP 150 Prepaid,,,,,,,,,,,,,,,,,Add,,,,,,,,,,,,,,,,,,,,
15,Promo Product Maintenance,GW8_SUPERVISORS_3,BYOP 150 Prepaid,,,,,,,,,,,,,,,,,Add,,,,,,,,,,,,,,,,,,,,
16,Promo Product Maintenance,GW8_SUPERVISORS_4,BYOP 150 Prepaid,,,,,,,,,,,,,,,,,Add,,,,,,,,,,,,,,,,,,,,
17,Promo Product Maintenance,GW8_SUPERVISORS_5,BYOP 150 Prepaid,,,,,,,,,,,,,,,,,Add,,,,,,,,,,,,,,,,,,,,
18,Promo Product Maintenance,GW8_SUPERVISORS_6,BYOP 150 Prepaid,,,,,,,,,,,,,,,,,Add,,,,,,,,,,,,,,,,,,,,
19,Promo Product Maintenance,GW8_SUPERVISORS_7,BYOP 150 Prepaid,,,,,,,,,,,,,,,,,Add,,,,,,,,,,,,,,,,,,,,
20,Promo Product Maintenance,GW8_SUPERVISORS_8,BYOP 150 Prepaid,,,,,,,,,,,,,,,,,Add,,,,,,,,,,,,,,,,,,,,
21,Promo Product Maintenance,GW8_SUPERVISORS_9,BYOP 150 Prepaid,,,,,,,,,,,,,,,,,Add,,,,,,,,,,,,,,,,,,,,
22,Promo Product Maintenance,GW8_SUPERVISORS_STARTEK,BYOP 150 Prepaid,,,,,,,,,,,,,,,,,Add,,,,,,,,,,,,,,,,,,,,
23,Promo Product Maintenance,GW8_SUPERVISORS_TP,BYOP 150 Prepaid,,,,,,,,,,,,,,,,,Add,,,,,,,,,,,,,,,,,,,,
24,Promo Product Maintenance,GW8_SUPERVISORS_WINDSOR,BYOP 150 Prepaid,,,,,,,,,,,,,,,,,Add,,,,,,,,,,,,,,,,,,,,
25,Promo Product Maintenance,GW8_BACKOFFICE_COMPLAINTS,BYOP 150 Prepaid,,,,,,,,,,,,,,,,,Add,,,,,,,,,,,,,,,,,,,,
26,Promo Product Maintenance,GW8_BACKOFFICE_COMPLAINTS_1,BYOP 150 Prepaid,,,,,,,,,,,,,,,,,Add,,,,,,,,,,,,,,,,,,,,
27,Promo Product Maintenance,GW8_BACKOFFICE_COMPLAINTS_2,BYOP 150 Prepaid,,,,,,,,,,,,,,,,,Add,,,,,,,,,,,,,,,,,,,,
28,Promo Product Maintenance,GW8_BACKOFFICE_COMPLAINTS_3,BYOP 150 Prepaid,,,,,,,,,,,,,,,,,Add,,,,,,,,,,,,,,,,,,,,
29,Promo Product Maintenance,GW8_BACKOFFICE_COMPLAINTS_4,BYOP 150 Prepaid,,,,,,,,,,,,,,,,,Add,,,,,,,,,,,,,,,,,,,,
35,Promo Product Maintenance,GW8_BACKOFFICE_COMPLAINTS_5,BYOP 150 Prepaid,,,,,,,,,,,,,,,,,Add,,,,,,,,,,,,,,,,,,,,
31,Promo Product Maintenance,GW8_BACK_OFFICE,BYOP 150 Prepaid,,,,,,,,,,,,,,,,,Add,,,,,,,,,,,,,,,,,,,,
32,Promo Product Maintenance,GW8_CREDIT_COLLECTIONS,BYOP 150 Prepaid,,,,,,,,,,,,,,,,,Add,,,,,,,,,,,,,,,,,,,,
33,Promo Product Maintenance,GW8_CREDIT_COLLECTIONS_1,BYOP 150 Prepaid,,,,,,,,,,,,,,,,,Add,,,,,,,,,,,,,,,,,,,,
34,Promo Product Maintenance,GW8_CREDIT_COLLECTIONS_10,BYOP 150 Prepaid,,,,,,,,,,,,,,,,,Add,,,,,,,,,,,,,,,,,,,,
35,Promo Product Maintenance,GW8_CREDIT_COLLECTIONS_2,BYOP 150 Prepaid,,,,,,,,,,,,,,,,,Add,,,,,,,,,,,,,,,,,,,,
36,Promo Product Maintenance,GW8_CREDIT_COLLECTIONS_3,BYOP 150 Prepaid,,,,,,,,,,,,,,,,,Add,,,,,,,,,,,,,,,,,,,,
37,Promo Product Maintenance,GW8_CREDIT_COLLECTIONS_4,BYOP 150 Prepaid,,,,,,,,,,,,,,,,,Add,,,,,,,,,,,,,,,,,,,,
38,Promo Product Maintenance,GW8_CREDIT_COLLECTIONS_5,BYOP 150 Prepaid,,,,,,,,,,,,,,,,,Add,,,,,,,,,,,,,,,,,,,,
39,Promo Product Maintenance,GW8_CREDIT_COLLECTIONS_6,BYOP 150 Prepaid,,,,,,,,,,,,,,,,,Add,,,,,,,,,,,,,,,,,,,,
40,Promo Product Maintenance,GW8_CREDIT_COLLECTIONS_7,BYOP 150 Prepaid,,,,,,,,,,,,,,,,,Add,,,,,,,,,,,,,,,,,,,,
41,Promo Product Maintenance,GW8_CREDIT_COLLECTIONS_8,BYOP 150 Prepaid,,,,,,,,,,,,,,,,,Add,,,,,,,,,,,,,,,,,,,,
42,Promo Product Maintenance,GW8_CREDIT_COLLECTIONS_9,BYOP 150 Prepaid,,,,,,,,,,,,,,,,,Add,,,,,,,,,,,,,,,,,,,,
43,Promo Product Maintenance,CARE,BYOP 150 Prepaid,,,,,,,,,,,,,,,,,Add,,,,,,,,,,,,,,,,,,,,
44,Promo Product Maintenance,CUSTOMER_CARE,BYOP 150 Prepaid,,,,,,,,,,,,,,,,,Add,,,,,,,,,,,,,,,,,,,,
45,Promo Product Maintenance,GW8_CUSTOMER_CARE,BYOP 150 Prepaid,,,,,,,,,,,,,,,,,Add,,,,,,,,,,,,,,,,,,,,
46,Promo Product Maintenance,GW8_CUSTOMER_CARE_1,BYOP 150 Prepaid,,,,,,,,,,,,,,,,,Add,,,,,,,,,,,,,,,,,,,,
47,Promo Product Maintenance,GW8_CUSTOMER_CARE_10,BYOP 150 Prepaid,,,,,,,,,,,,,,,,,Add,,,,,,,,,,,,,,,,,,,,
48,Promo Product Maintenance,GW8_CUSTOMER_CARE_11,BYOP 150 Prepaid,,,,,,,,,,,,,,,,,Add,,,,,,,,,,,,,,,,,,,,
49,Promo Product Maintenance,GW8_CUSTOMER_CARE_12,BYOP 150 Prepaid,,,,,,,,,,,,,,,,,Add,,,,,,,,,,,,,,,,,,,,
50,Promo Product Maintenance,GW8_CUSTOMER_CARE_13,BYOP 150 Prepaid,,,,,,,,,,,,,,,,,Add,,,,,,,,,,,,,,,,,,,,
51,Promo Product Maintenance,GW8_CUSTOMER_CARE_14,BYOP 150 Prepaid,,,,,,,,,,,,,,,,,Add,,,,,,,,,,,,,,,,,,,,
52,Promo Product Maintenance,GW8_CUSTOMER_CARE_15,BYOP 150 Prepaid,,,,,,,,,,,,,,,,,Add,,,,,,,,,,,,,,,,,,,,
53,Promo Product Maintenance,GW8_DEDICATED_CC,BYOP 150 Prepaid,,,,,,,,,,,,,,,,,Add,,,,,,,,,,,,,,,,,,,,
54,Promo Product Maintenance,GW8_CUSTOMER_CARE_17,BYOP 150 Prepaid,,,,,,,,,,,,,,,,,Add,,,,,,,,,,,,,,,,,,,,
55,Promo Product Maintenance,GW8_CUSTOMER_CARE_2,BYOP 150 Prepaid,,,,,,,,,,,,,,,,,Add,,,,,,,,,,,,,,,,,,,,
56,Promo Product Maintenance,GW8_CUSTOMER_CARE_3,BYOP 150 Prepaid,,,,,,,,,,,,,,,,,Add,,,,,,,,,,,,,,,,,,,,
57,Promo Product Maintenance,GW8_CUSTOMER_CARE_4,BYOP 150 Prepaid,,,,,,,,,,,,,,,,,Add,,,,,,,,,,,,,,,,,,,,
58,Promo Product Maintenance,GW8_CUSTOMER_CARE_5,BYOP 150 Prepaid,,,,,,,,,,,,,,,,,Add,,,,,,,,,,,,,,,,,,,,
59,Promo Product Maintenance,GW8_CUSTOMER_CARE_6,BYOP 150 Prepaid,,,,,,,,,,,,,,,,,Add,,,,,,,,,,,,,,,,,,,,
60,Promo Product Maintenance,GW8_CUSTOMER_CARE_7,BYOP 150 Prepaid,,,,,,,,,,,,,,,,,Add,,,,,,,,,,,,,,,,,,,,
61,Promo Product Maintenance,GW8_CUSTOMER_CARE_8,BYOP 150 Prepaid,,,,,,,,,,,,,,,,,Add,,,,,,,,,,,,,,,,,,,,
62,Promo Product Maintenance,GW8_CUSTOMER_CARE_9,BYOP 150 Prepaid,,,,,,,,,,,,,,,,,Add,,,,,,,,,,,,,,,,,,,,
63,Promo Product Maintenance,GW8_DEDICATED_BO,BYOP 150 Prepaid,,,,,,,,,,,,,,,,,Add,,,,,,,,,,,,,,,,,,,,
1,Promo Product Maintenance,BACK_OFFICE,THX 10$ Abv MRC 6 Months,,,,,,,,,,,,,,,,,Add,,,,,,,,,,,,,,,,,,,,
2,Promo Product Maintenance,BACKOFFICE_COMPLAINTS,THX 10$ Abv MRC 6 Months,,,,,,,,,,,,,,,,,Add,,,,,,,,,,,,,,,,,,,,
3,Promo Product Maintenance,CREDIT_COLLECTIONS,THX 10$ Abv MRC 6 Months,,,,,,,,,,,,,,,,,Add,,,,,,,,,,,,,,,,,,,,
4,Promo Product Maintenance,SUPERVISORS,THX 10$ Abv MRC 6 Months,,,,,,,,,,,,,,,,,Add,,,,,,,,,,,,,,,,,,,,
5,Promo Product Maintenance,GW8_SUPERVISORS,THX 10$ Abv MRC 6 Months,,,,,,,,,,,,,,,,,Add,,,,,,,,,,,,,,,,,,,,
6,Promo Product Maintenance,GW8_SUPERVISORS_1,THX 10$ Abv MRC 6 Months,,,,,,,,,,,,,,,,,Add,,,,,,,,,,,,,,,,,,,,
7,Promo Product Maintenance,GW8_SUPERVISORS_10,THX 10$ Abv MRC 6 Months,,,,,,,,,,,,,,,,,Add,,,,,,,,,,,,,,,,,,,,
8,Promo Product Maintenance,GW8_SUPERVISORS_11,THX 10$ Abv MRC 6 Months,,,,,,,,,,,,,,,,,Add,,,,,,,,,,,,,,,,,,,,
9,Promo Product Maintenance,GW8_SUPERVISORS_12,THX 10$ Abv MRC 6 Months,,,,,,,,,,,,,,,,,Add,,,,,,,,,,,,,,,,,,,,
10,Promo Product Maintenance,GW8_SUPERVISORS_13,THX 10$ Abv MRC 6 Months,,,,,,,,,,,,,,,,,Add,,,,,,,,,,,,,,,,,,,,
11,Promo Product Maintenance,GW8_SUPERVISORS_14,THX 10$ Abv MRC 6 Months,,,,,,,,,,,,,,,,,Add,,,,,,,,,,,,,,,,,,,,
12,Promo Product Maintenance,GW8_SUPERVISORS_15,THX 10$ Abv MRC 6 Months,,,,,,,,,,,,,,,,,Add,,,,,,,,,,,,,,,,,,,,
13,Promo Product Maintenance,GW8_SUPERVISORS_16,THX 10$ Abv MRC 6 Months,,,,,,,,,,,,,,,,,Add,,,,,,,,,,,,,,,,,,,,
14,Promo Product Maintenance,GW8_SUPERVISORS_2,THX 10$ Abv MRC 6 Months,,,,,,,,,,,,,,,,,Add,,,,,,,,,,,,,,,,,,,,
15,Promo Product Maintenance,GW8_SUPERVISORS_3,THX 10$ Abv MRC 6 Months,,,,,,,,,,,,,,,,,Add,,,,,,,,,,,,,,,,,,,,
16,Promo Product Maintenance,GW8_SUPERVISORS_4,THX 10$ Abv MRC 6 Months,,,,,,,,,,,,,,,,,Add,,,,,,,,,,,,,,,,,,,,
17,Promo Product Maintenance,GW8_SUPERVISORS_5,THX 10$ Abv MRC 6 Months,,,,,,,,,,,,,,,,,Add,,,,,,,,,,,,,,,,,,,,
18,Promo Product Maintenance,GW8_SUPERVISORS_6,THX 10$ Abv MRC 6 Months,,,,,,,,,,,,,,,,,Add,,,,,,,,,,,,,,,,,,,,
19,Promo Product Maintenance,GW8_SUPERVISORS_7,THX 10$ Abv MRC 6 Months,,,,,,,,,,,,,,,,,Add,,,,,,,,,,,,,,,,,,,,
20,Promo Product Maintenance,GW8_SUPERVISORS_8,THX 10$ Abv MRC 6 Months,,,,,,,,,,,,,,,,,Add,,,,,,,,,,,,,,,,,,,,
21,Promo Product Maintenance,GW8_SUPERVISORS_9,THX 10$ Abv MRC 6 Months,,,,,,,,,,,,,,,,,Add,,,,,,,,,,,,,,,,,,,,
22,Promo Product Maintenance,GW8_SUPERVISORS_STARTEK,THX 10$ Abv MRC 6 Months,,,,,,,,,,,,,,,,,Add,,,,,,,,,,,,,,,,,,,,
23,Promo Product Maintenance,GW8_SUPERVISORS_TP,THX 10$ Abv MRC 6 Months,,,,,,,,,,,,,,,,,Add,,,,,,,,,,,,,,,,,,,,
24,Promo Product Maintenance,GW8_SUPERVISORS_WINDSOR,THX 10$ Abv MRC 6 Months,,,,,,,,,,,,,,,,,Add,,,,,,,,,,,,,,,,,,,,
25,Promo Product Maintenance,GW8_BACKOFFICE_COMPLAINTS,THX 10$ Abv MRC 6 Months,,,,,,,,,,,,,,,,,Add,,,,,,,,,,,,,,,,,,,,
26,Promo Product Maintenance,GW8_BACKOFFICE_COMPLAINTS_1,THX 10$ Abv MRC 6 Months,,,,,,,,,,,,,,,,,Add,,,,,,,,,,,,,,,,,,,,
27,Promo Product Maintenance,GW8_BACKOFFICE_COMPLAINTS_2,THX 10$ Abv MRC 6 Months,,,,,,,,,,,,,,,,,Add,,,,,,,,,,,,,,,,,,,,
28,Promo Product Maintenance,GW8_BACKOFFICE_COMPLAINTS_3,THX 10$ Abv MRC 6 Months,,,,,,,,,,,,,,,,,Add,,,,,,,,,,,,,,,,,,,,
29,Promo Product Maintenance,GW8_BACKOFFICE_COMPLAINTS_4,THX 10$ Abv MRC 6 Months,,,,,,,,,,,,,,,,,Add,,,,,,,,,,,,,,,,,,,,
35,Promo Product Maintenance,GW8_BACKOFFICE_COMPLAINTS_5,THX 10$ Abv MRC 6 Months,,,,,,,,,,,,,,,,,Add,,,,,,,,,,,,,,,,,,,,
31,Promo Product Maintenance,GW8_BACK_OFFICE,THX 10$ Abv MRC 6 Months,,,,,,,,,,,,,,,,,Add,,,,,,,,,,,,,,,,,,,,
32,Promo Product Maintenance,GW8_CREDIT_COLLECTIONS,THX 10$ Abv MRC 6 Months,,,,,,,,,,,,,,,,,Add,,,,,,,,,,,,,,,,,,,,
33,Promo Product Maintenance,GW8_CREDIT_COLLECTIONS_1,THX 10$ Abv MRC 6 Months,,,,,,,,,,,,,,,,,Add,,,,,,,,,,,,,,,,,,,,
34,Promo Product Maintenance,GW8_CREDIT_COLLECTIONS_10,THX 10$ Abv MRC 6 Months,,,,,,,,,,,,,,,,,Add,,,,,,,,,,,,,,,,,,,,
35,Promo Product Maintenance,GW8_CREDIT_COLLECTIONS_2,THX 10$ Abv MRC 6 Months,,,,,,,,,,,,,,,,,Add,,,,,,,,,,,,,,,,,,,,
36,Promo Product Maintenance,GW8_CREDIT_COLLECTIONS_3,THX 10$ Abv MRC 6 Months,,,,,,,,,,,,,,,,,Add,,,,,,,,,,,,,,,,,,,,
37,Promo Product Maintenance,GW8_CREDIT_COLLECTIONS_4,THX 10$ Abv MRC 6 Months,,,,,,,,,,,,,,,,,Add,,,,,,,,,,,,,,,,,,,,
38,Promo Product Maintenance,GW8_CREDIT_COLLECTIONS_5,THX 10$ Abv MRC 6 Months,,,,,,,,,,,,,,,,,Add,,,,,,,,,,,,,,,,,,,,
39,Promo Product Maintenance,GW8_CREDIT_COLLECTIONS_6,THX 10$ Abv MRC 6 Months,,,,,,,,,,,,,,,,,Add,,,,,,,,,,,,,,,,,,,,
40,Promo Product Maintenance,GW8_CREDIT_COLLECTIONS_7,THX 10$ Abv MRC 6 Months,,,,,,,,,,,,,,,,,Add,,,,,,,,,,,,,,,,,,,,
41,Promo Product Maintenance,GW8_CREDIT_COLLECTIONS_8,THX 10$ Abv MRC 6 Months,,,,,,,,,,,,,,,,,Add,,,,,,,,,,,,,,,,,,,,
42,Promo Product Maintenance,GW8_CREDIT_COLLECTIONS_9,THX 10$ Abv MRC 6 Months,,,,,,,,,,,,,,,,,Add,,,,,,,,,,,,,,,,,,,,
43,Promo Product Maintenance,CARE,THX 10$ Abv MRC 6 Months,,,,,,,,,,,,,,,,,Add,,,,,,,,,,,,,,,,,,,,
44,Promo Product Maintenance,CUSTOMER_CARE,THX 10$ Abv MRC 6 Months,,,,,,,,,,,,,,,,,Add,,,,,,,,,,,,,,,,,,,,
45,Promo Product Maintenance,GW8_CUSTOMER_CARE,THX 10$ Abv MRC 6 Months,,,,,,,,,,,,,,,,,Add,,,,,,,,,,,,,,,,,,,,
46,Promo Product Maintenance,GW8_CUSTOMER_CARE_1,THX 10$ Abv MRC 6 Months,,,,,,,,,,,,,,,,,Add,,,,,,,,,,,,,,,,,,,,
47,Promo Product Maintenance,GW8_CUSTOMER_CARE_10,THX 10$ Abv MRC 6 Months,,,,,,,,,,,,,,,,,Add,,,,,,,,,,,,,,,,,,,,
48,Promo Product Maintenance,GW8_CUSTOMER_CARE_11,THX 10$ Abv MRC 6 Months,,,,,,,,,,,,,,,,,Add,,,,,,,,,,,,,,,,,,,,
49,Promo Product Maintenance,GW8_CUSTOMER_CARE_12,THX 10$ Abv MRC 6 Months,,,,,,,,,,,,,,,,,Add,,,,,,,,,,,,,,,,,,,,
50,Promo Product Maintenance,GW8_CUSTOMER_CARE_13,THX 10$ Abv MRC 6 Months,,,,,,,,,,,,,,,,,Add,,,,,,,,,,,,,,,,,,,,
51,Promo Product Maintenance,GW8_CUSTOMER_CARE_14,THX 10$ Abv MRC 6 Months,,,,,,,,,,,,,,,,,Add,,,,,,,,,,,,,,,,,,,,
52,Promo Product Maintenance,GW8_CUSTOMER_CARE_15,THX 10$ Abv MRC 6 Months,,,,,,,,,,,,,,,,,Add,,,,,,,,,,,,,,,,,,,,
53,Promo Product Maintenance,GW8_DEDICATED_CC,THX 10$ Abv MRC 6 Months,,,,,,,,,,,,,,,,,Add,,,,,,,,,,,,,,,,,,,,
54,Promo Product Maintenance,GW8_CUSTOMER_CARE_17,THX 10$ Abv MRC 6 Months,,,,,,,,,,,,,,,,,Add,,,,,,,,,,,,,,,,,,,,
55,Promo Product Maintenance,GW8_CUSTOMER_CARE_2,THX 10$ Abv MRC 6 Months,,,,,,,,,,,,,,,,,Add,,,,,,,,,,,,,,,,,,,,
56,Promo Product Maintenance,GW8_CUSTOMER_CARE_3,THX 10$ Abv MRC 6 Months,,,,,,,,,,,,,,,,,Add,,,,,,,,,,,,,,,,,,,,
57,Promo Product Maintenance,GW8_CUSTOMER_CARE_4,THX 10$ Abv MRC 6 Months,,,,,,,,,,,,,,,,,Add,,,,,,,,,,,,,,,,,,,,
58,Promo Product Maintenance,GW8_CUSTOMER_CARE_5,THX 10$ Abv MRC 6 Months,,,,,,,,,,,,,,,,,Add,,,,,,,,,,,,,,,,,,,,
59,Promo Product Maintenance,GW8_CUSTOMER_CARE_6,THX 10$ Abv MRC 6 Months,,,,,,,,,,,,,,,,,Add,,,,,,,,,,,,,,,,,,,,
60,Promo Product Maintenance,GW8_CUSTOMER_CARE_7,THX 10$ Abv MRC 6 Months,,,,,,,,,,,,,,,,,Add,,,,,,,,,,,,,,,,,,,,
61,Promo Product Maintenance,GW8_CUSTOMER_CARE_8,THX 10$ Abv MRC 6 Months,,,,,,,,,,,,,,,,,Add,,,,,,,,,,,,,,,,,,,,
62,Promo Product Maintenance,GW8_CUSTOMER_CARE_9,THX 10$ Abv MRC 6 Months,,,,,,,,,,,,,,,,,Add,,,,,,,,,,,,,,,,,,,,
62,Promo Product Maintenance,GW8_DEDICATED_BO,Freedom 10 PA,,,,,,,,,,,,,,,,,Add,,,,,,,,,,,,,,,,,,,,
71,Promo Product Maintenance,GW8_CC_L2TECH,THX 10$ Abv MRC 6 Months,,,,,,,,,,,,,,,,,Add,,,,,,,,,,,,,,,,,,,,
72,Promo Product Maintenance,GW8_CC_BO,THX 10$ Abv MRC 6 Months,,,,,,,,,,,,,,,,,Add,,,,,,,,,,,,,,,,,,,,
73,Promo Product Maintenance,GW8_CC_WBO,THX 10$ Abv MRC 6 Months,,,,,,,,,,,,,,,,,Add,,,,,,,,,,,,,,,,,,,,
74,Promo Product Maintenance,GW8_CC_ESCALATION,THX 10$ Abv MRC 6 Months,,,,,,,,,,,,,,,,,Add,,,,,,,,,,,,,,,,,,,,
75,Promo Product Maintenance,GW8_CC_HD_QQ,THX 10$ Abv MRC 6 Months,,,,,,,,,,,,,,,,,Add,,,,,,,,,,,,,,,,,,,,
76,Promo Product Maintenance,GW8_CC_QQTL,THX 10$ Abv MRC 6 Months,,,,,,,,,,,,,,,,,Add,,,,,,,,,,,,,,,,,,,,
77,Promo Product Maintenance,GW8_CC_SUPERUSER,THX 10$ Abv MRC 6 Months,,,,,,,,,,,,,,,,,Add,,,,,,,,,,,,,,,,,,,,
70,Promo Product Maintenance,GW8_CC_HD_QQ,Loyalty_Above_10_10,,,,,,,,,,,,,,,,,Add,,,,,,,,,,,,,,,,,,,,
71,Promo Product Maintenance,GW8_CC_QQTL,Loyalty_Above_10_10,,,,,,,,,,,,,,,,,Add,,,,,,,,,,,,,,,,,,,,
72,Promo Product Maintenance,GW8_CC_SUPERUSER,Loyalty_Above_10_10,,,,,,,,,,,,,,,,,Add,,,,,,,,,,,,,,,,,,,,
73,Promo Product Maintenance,GW8_CC_BO,Loyalty_Above_10_10,,,,,,,,,,,,,,,,,Add,,,,,,,,,,,,,,,,,,,,
70,Promo Product Maintenance,GW8_CC_HD_QQ,Supervisor_Above_6_10,,,,,,,,,,,,,,,,,Add,,,,,,,,,,,,,,,,,,,,
71,Promo Product Maintenance,GW8_CC_QQTL,Supervisor_Above_6_10,,,,,,,,,,,,,,,,,Add,,,,,,,,,,,,,,,,,,,,
72,Promo Product Maintenance,GW8_CC_SUPERUSER,Supervisor_Above_6_10,,,,,,,,,,,,,,,,,Add,,,,,,,,,,,,,,,,,,,,
73,Promo Product Maintenance,GW8_CC_ESCALATION,Supervisor_Above_6_10,,,,,,,,,,,,,,,,,Add,,,,,,,,,,,,,,,,,,,,
70,Promo Product Maintenance,GW8_CC_HD_QQ,Supervisor_Above_10_10,,,,,,,,,,,,,,,,,Add,,,,,,,,,,,,,,,,,,,,
71,Promo Product Maintenance,GW8_CC_QQTL,Supervisor_Above_10_10,,,,,,,,,,,,,,,,,Add,,,,,,,,,,,,,,,,,,,,
72,Promo Product Maintenance,GW8_CC_SUPERUSER,Supervisor_Above_10_10,,,,,,,,,,,,,,,,,Add,,,,,,,,,,,,,,,,,,,,
73,Promo Product Maintenance,GW8_CC_ESCALATION,Supervisor_Above_10_10,,,,,,,,,,,,,,,,,Add,,,,,,,,,,,,,,,,,,,,
75,Promo Product Maintenance,GW8_CC_WBO,Loyalty_Above_10_10,,,,,,,,,,,,,,,,,Add,,,,,,,,,,,,,,,,,,,,
76,Promo Product Maintenance,GW8_CC_ESCALATION,Loyalty_Above_10_10,,,,,,,,,,,,,,,,,Add,,,,,,,,,,,,,,,,,,,,
7,Promo Product Maintenance,GW8_CC_ESCALATION1,THX 10$ Abv MRC 6 Months,,,,,,,,,,,,,,,,,Add,,,,,,,,,,,,,,,,,,,,
8,Promo Product Maintenance,GW8_CC_UPALL,THX 10$ Abv MRC 6 Months,,,,,,,,,,,,,,,,,Add,,,,,,,,,,,,,,,,,,,,
9,Promo Product Maintenance,GW8_CC_RTS_UP,THX 10$ Abv MRC 6 Months,,,,,,,,,,,,,,,,,Add,,,,,,,,,,,,,,,,,,,,
13,Promo Product Maintenance,GW8_CC_UPALL,Loyalty_Above_10_10,,,,,,,,,,,,,,,,,Add,,,,,,,,,,,,,,,,,,,,
14,Promo Product Maintenance,GW8_CC_RTS_UP,Loyalty_Above_10_10,,,,,,,,,,,,,,,,,Add,,,,,,,,,,,,,,,,,,,,
21,Promo Product Maintenance,GW8_CC_UPALL,Supervisor_Above_6_10,,,,,,,,,,,,,,,,,Add,,,,,,,,,,,,,,,,,,,,
22,Promo Product Maintenance,GW8_CC_RTS_UP,Supervisor_Above_6_10,,,,,,,,,,,,,,,,,Add,,,,,,,,,,,,,,,,,,,,
23,Promo Product Maintenance,GW8_CC_ESCALATION1,Supervisor_Above_6_10,,,,,,,,,,,,,,,,,Add,,,,,,,,,,,,,,,,,,,,
24,Promo Product Maintenance,GW8_CC_UPALL,Supervisor_Above_10_10,,,,,,,,,,,,,,,,,Add,,,,,,,,,,,,,,,,,,,,
25,Promo Product Maintenance,GW8_CC_RTS_UP,Supervisor_Above_10_10,,,,,,,,,,,,,,,,,Add,,,,,,,,,,,,,,,,,,,,
26,Promo Product Maintenance,GW8_CC_ESCALATION1,Supervisor_Above_10_10,,,,,,,,,,,,,,,,,Add,,,,,,,,,,,,,,,,,,,,
33,Promo Product Maintenance,GW8_CC_ESCALATION1,Loyalty_Above_10_10,,,,,,,,,,,,,,,,,Add,,,,,,,,,,,,,,,,,,,,
64,Promo Product Maintenance,BACK_OFFICE,BYOP 150 Prepaid,,,,,,,,,,,,,,,,,Delete,,,,,,,,,,,,,,,,,,,,
65,Promo Product Maintenance,BACKOFFICE_COMPLAINTS,BYOP 150 Prepaid,,,,,,,,,,,,,,,,,Delete,,,,,,,,,,,,,,,,,,,,
66,Promo Product Maintenance,CREDIT_COLLECTIONS,BYOP 150 Prepaid,,,,,,,,,,,,,,,,,Delete,,,,,,,,,,,,,,,,,,,,
67,Promo Product Maintenance,SUPERVISORS,BYOP 150 Prepaid,,,,,,,,,,,,,,,,,Delete,,,,,,,,,,,,,,,,,,,,
68,Promo Product Maintenance,GW8_SUPERVISORS,BYOP 150 Prepaid,,,,,,,,,,,,,,,,,Delete,,,,,,,,,,,,,,,,,,,,
69,Promo Product Maintenance,GW8_SUPERVISORS_1,BYOP 150 Prepaid,,,,,,,,,,,,,,,,,Delete,,,,,,,,,,,,,,,,,,,,
70,Promo Product Maintenance,GW8_SUPERVISORS_10,BYOP 150 Prepaid,,,,,,,,,,,,,,,,,Delete,,,,,,,,,,,,,,,,,,,,
71,Promo Product Maintenance,GW8_SUPERVISORS_11,BYOP 150 Prepaid,,,,,,,,,,,,,,,,,Delete,,,,,,,,,,,,,,,,,,,,
72,Promo Product Maintenance,GW8_SUPERVISORS_12,BYOP 150 Prepaid,,,,,,,,,,,,,,,,,Delete,,,,,,,,,,,,,,,,,,,,
73,Promo Product Maintenance,GW8_SUPERVISORS_13,BYOP 150 Prepaid,,,,,,,,,,,,,,,,,Delete,,,,,,,,,,,,,,,,,,,,
74,Promo Product Maintenance,GW8_SUPERVISORS_14,BYOP 150 Prepaid,,,,,,,,,,,,,,,,,Delete,,,,,,,,,,,,,,,,,,,,
75,Promo Product Maintenance,GW8_SUPERVISORS_15,BYOP 150 Prepaid,,,,,,,,,,,,,,,,,Delete,,,,,,,,,,,,,,,,,,,,
76,Promo Product Maintenance,GW8_SUPERVISORS_16,BYOP 150 Prepaid,,,,,,,,,,,,,,,,,Delete,,,,,,,,,,,,,,,,,,,,
77,Promo Product Maintenance,GW8_SUPERVISORS_2,BYOP 150 Prepaid,,,,,,,,,,,,,,,,,Delete,,,,,,,,,,,,,,,,,,,,
78,Promo Product Maintenance,GW8_SUPERVISORS_3,BYOP 150 Prepaid,,,,,,,,,,,,,,,,,Delete,,,,,,,,,,,,,,,,,,,,
79,Promo Product Maintenance,GW8_SUPERVISORS_4,BYOP 150 Prepaid,,,,,,,,,,,,,,,,,Delete,,,,,,,,,,,,,,,,,,,,
80,Promo Product Maintenance,GW8_SUPERVISORS_5,BYOP 150 Prepaid,,,,,,,,,,,,,,,,,Delete,,,,,,,,,,,,,,,,,,,,
81,Promo Product Maintenance,GW8_SUPERVISORS_6,BYOP 150 Prepaid,,,,,,,,,,,,,,,,,Delete,,,,,,,,,,,,,,,,,,,,
82,Promo Product Maintenance,GW8_SUPERVISORS_7,BYOP 150 Prepaid,,,,,,,,,,,,,,,,,Delete,,,,,,,,,,,,,,,,,,,,
83,Promo Product Maintenance,GW8_SUPERVISORS_8,BYOP 150 Prepaid,,,,,,,,,,,,,,,,,Delete,,,,,,,,,,,,,,,,,,,,
84,Promo Product Maintenance,GW8_SUPERVISORS_9,BYOP 150 Prepaid,,,,,,,,,,,,,,,,,Delete,,,,,,,,,,,,,,,,,,,,
85,Promo Product Maintenance,GW8_SUPERVISORS_STARTEK,BYOP 150 Prepaid,,,,,,,,,,,,,,,,,Delete,,,,,,,,,,,,,,,,,,,,
86,Promo Product Maintenance,GW8_SUPERVISORS_TP,BYOP 150 Prepaid,,,,,,,,,,,,,,,,,Delete,,,,,,,,,,,,,,,,,,,,
87,Promo Product Maintenance,GW8_SUPERVISORS_WINDSOR,BYOP 150 Prepaid,,,,,,,,,,,,,,,,,Delete,,,,,,,,,,,,,,,,,,,,
88,Promo Product Maintenance,GW8_BACKOFFICE_COMPLAINTS,BYOP 150 Prepaid,,,,,,,,,,,,,,,,,Delete,,,,,,,,,,,,,,,,,,,,
89,Promo Product Maintenance,GW8_BACKOFFICE_COMPLAINTS_1,BYOP 150 Prepaid,,,,,,,,,,,,,,,,,Delete,,,,,,,,,,,,,,,,,,,,
90,Promo Product Maintenance,GW8_BACKOFFICE_COMPLAINTS_2,BYOP 150 Prepaid,,,,,,,,,,,,,,,,,Delete,,,,,,,,,,,,,,,,,,,,
91,Promo Product Maintenance,GW8_BACKOFFICE_COMPLAINTS_3,BYOP 150 Prepaid,,,,,,,,,,,,,,,,,Delete,,,,,,,,,,,,,,,,,,,,
92,Promo Product Maintenance,GW8_BACKOFFICE_COMPLAINTS_4,BYOP 150 Prepaid,,,,,,,,,,,,,,,,,Delete,,,,,,,,,,,,,,,,,,,,
93,Promo Product Maintenance,GW8_BACK_OFFICE,BYOP 150 Prepaid,,,,,,,,,,,,,,,,,Delete,,,,,,,,,,,,,,,,,,,,
94,Promo Product Maintenance,GW8_CREDIT_COLLECTIONS,BYOP 150 Prepaid,,,,,,,,,,,,,,,,,Delete,,,,,,,,,,,,,,,,,,,,
95,Promo Product Maintenance,GW8_CREDIT_COLLECTIONS_1,BYOP 150 Prepaid,,,,,,,,,,,,,,,,,Delete,,,,,,,,,,,,,,,,,,,,
96,Promo Product Maintenance,GW8_CREDIT_COLLECTIONS_10,BYOP 150 Prepaid,,,,,,,,,,,,,,,,,Delete,,,,,,,,,,,,,,,,,,,,
97,Promo Product Maintenance,GW8_BACKOFFICE_COMPLAINTS_5,BYOP 150 Prepaid,,,,,,,,,,,,,,,,,Delete,,,,,,,,,,,,,,,,,,,,
98,Promo Product Maintenance,GW8_CREDIT_COLLECTIONS_2,BYOP 150 Prepaid,,,,,,,,,,,,,,,,,Delete,,,,,,,,,,,,,,,,,,,,
99,Promo Product Maintenance,GW8_CREDIT_COLLECTIONS_3,BYOP 150 Prepaid,,,,,,,,,,,,,,,,,Delete,,,,,,,,,,,,,,,,,,,,
100,Promo Product Maintenance,GW8_CREDIT_COLLECTIONS_4,BYOP 150 Prepaid,,,,,,,,,,,,,,,,,Delete,,,,,,,,,,,,,,,,,,,,
101,Promo Product Maintenance,GW8_CREDIT_COLLECTIONS_5,BYOP 150 Prepaid,,,,,,,,,,,,,,,,,Delete,,,,,,,,,,,,,,,,,,,,
102,Promo Product Maintenance,GW8_CREDIT_COLLECTIONS_6,BYOP 150 Prepaid,,,,,,,,,,,,,,,,,Delete,,,,,,,,,,,,,,,,,,,,
103,Promo Product Maintenance,GW8_CREDIT_COLLECTIONS_7,BYOP 150 Prepaid,,,,,,,,,,,,,,,,,Delete,,,,,,,,,,,,,,,,,,,,
104,Promo Product Maintenance,GW8_CREDIT_COLLECTIONS_8,BYOP 150 Prepaid,,,,,,,,,,,,,,,,,Delete,,,,,,,,,,,,,,,,,,,,
105,Promo Product Maintenance,GW8_CREDIT_COLLECTIONS_9,BYOP 150 Prepaid,,,,,,,,,,,,,,,,,Delete,,,,,,,,,,,,,,,,,,,,
106,Promo Product Maintenance,CARE,BYOP 150 Prepaid,,,,,,,,,,,,,,,,,Delete,,,,,,,,,,,,,,,,,,,,
107,Promo Product Maintenance,CUSTOMER_CARE,BYOP 150 Prepaid,,,,,,,,,,,,,,,,,Delete,,,,,,,,,,,,,,,,,,,,
108,Promo Product Maintenance,GW8_CUSTOMER_CARE,BYOP 150 Prepaid,,,,,,,,,,,,,,,,,Delete,,,,,,,,,,,,,,,,,,,,
109,Promo Product Maintenance,GW8_CUSTOMER_CARE_1,BYOP 150 Prepaid,,,,,,,,,,,,,,,,,Delete,,,,,,,,,,,,,,,,,,,,
110,Promo Product Maintenance,GW8_CUSTOMER_CARE_10,BYOP 150 Prepaid,,,,,,,,,,,,,,,,,Delete,,,,,,,,,,,,,,,,,,,,
111,Promo Product Maintenance,GW8_CUSTOMER_CARE_11,BYOP 150 Prepaid,,,,,,,,,,,,,,,,,Delete,,,,,,,,,,,,,,,,,,,,
112,Promo Product Maintenance,GW8_CUSTOMER_CARE_12,BYOP 150 Prepaid,,,,,,,,,,,,,,,,,Delete,,,,,,,,,,,,,,,,,,,,
113,Promo Product Maintenance,GW8_CUSTOMER_CARE_13,BYOP 150 Prepaid,,,,,,,,,,,,,,,,,Delete,,,,,,,,,,,,,,,,,,,,
114,Promo Product Maintenance,GW8_CUSTOMER_CARE_14,BYOP 150 Prepaid,,,,,,,,,,,,,,,,,Delete,,,,,,,,,,,,,,,,,,,,
115,Promo Product Maintenance,GW8_CUSTOMER_CARE_15,BYOP 150 Prepaid,,,,,,,,,,,,,,,,,Delete,,,,,,,,,,,,,,,,,,,,
116,Promo Product Maintenance,GW8_DEDICATED_CC,BYOP 150 Prepaid,,,,,,,,,,,,,,,,,Delete,,,,,,,,,,,,,,,,,,,,
117,Promo Product Maintenance,GW8_CUSTOMER_CARE_17,BYOP 150 Prepaid,,,,,,,,,,,,,,,,,Delete,,,,,,,,,,,,,,,,,,,,
118,Promo Product Maintenance,GW8_CUSTOMER_CARE_2,BYOP 150 Prepaid,,,,,,,,,,,,,,,,,Delete,,,,,,,,,,,,,,,,,,,,
119,Promo Product Maintenance,GW8_CUSTOMER_CARE_3,BYOP 150 Prepaid,,,,,,,,,,,,,,,,,Delete,,,,,,,,,,,,,,,,,,,,
120,Promo Product Maintenance,GW8_CUSTOMER_CARE_4,BYOP 150 Prepaid,,,,,,,,,,,,,,,,,Delete,,,,,,,,,,,,,,,,,,,,
121,Promo Product Maintenance,GW8_CUSTOMER_CARE_5,BYOP 150 Prepaid,,,,,,,,,,,,,,,,,Delete,,,,,,,,,,,,,,,,,,,,
122,Promo Product Maintenance,GW8_CUSTOMER_CARE_6,BYOP 150 Prepaid,,,,,,,,,,,,,,,,,Delete,,,,,,,,,,,,,,,,,,,,
123,Promo Product Maintenance,GW8_CUSTOMER_CARE_7,BYOP 150 Prepaid,,,,,,,,,,,,,,,,,Delete,,,,,,,,,,,,,,,,,,,,
124,Promo Product Maintenance,GW8_CUSTOMER_CARE_8,BYOP 150 Prepaid,,,,,,,,,,,,,,,,,Delete,,,,,,,,,,,,,,,,,,,,
125,Promo Product Maintenance,GW8_CUSTOMER_CARE_9,BYOP 150 Prepaid,,,,,,,,,,,,,,,,,Delete,,,,,,,,,,,,,,,,,,,,
126,Promo Product Maintenance,GW8_DEDICATED_BO,BYOP 150 Prepaid,,,,,,,,,,,,,,,,,Delete,,,,,,,,,,,,,,,,,,,,
63,Promo Product Maintenance,BACK_OFFICE,Freedom 10 PA,,,,,,,,,,,,,,,,,Delete,,,,,,,,,,,,,,,,,,,,
64,Promo Product Maintenance,BACKOFFICE_COMPLAINTS,Freedom 10 PA,,,,,,,,,,,,,,,,,Delete,,,,,,,,,,,,,,,,,,,,
65,Promo Product Maintenance,CREDIT_COLLECTIONS,Freedom 10 PA,,,,,,,,,,,,,,,,,Delete,,,,,,,,,,,,,,,,,,,,
66,Promo Product Maintenance,SUPERVISORS,Freedom 10 PA,,,,,,,,,,,,,,,,,Delete,,,,,,,,,,,,,,,,,,,,
67,Promo Product Maintenance,GW8_SUPERVISORS,Freedom 10 PA,,,,,,,,,,,,,,,,,Delete,,,,,,,,,,,,,,,,,,,,
68,Promo Product Maintenance,GW8_SUPERVISORS_1,Freedom 10 PA,,,,,,,,,,,,,,,,,Delete,,,,,,,,,,,,,,,,,,,,
69,Promo Product Maintenance,GW8_SUPERVISORS_10,Freedom 10 PA,,,,,,,,,,,,,,,,,Delete,,,,,,,,,,,,,,,,,,,,
70,Promo Product Maintenance,GW8_SUPERVISORS_11,Freedom 10 PA,,,,,,,,,,,,,,,,,Delete,,,,,,,,,,,,,,,,,,,,
71,Promo Product Maintenance,GW8_SUPERVISORS_12,Freedom 10 PA,,,,,,,,,,,,,,,,,Delete,,,,,,,,,,,,,,,,,,,,
72,Promo Product Maintenance,GW8_SUPERVISORS_13,Freedom 10 PA,,,,,,,,,,,,,,,,,Delete,,,,,,,,,,,,,,,,,,,,
73,Promo Product Maintenance,GW8_SUPERVISORS_14,Freedom 10 PA,,,,,,,,,,,,,,,,,Delete,,,,,,,,,,,,,,,,,,,,
74,Promo Product Maintenance,GW8_SUPERVISORS_15,Freedom 10 PA,,,,,,,,,,,,,,,,,Delete,,,,,,,,,,,,,,,,,,,,
75,Promo Product Maintenance,GW8_SUPERVISORS_16,Freedom 10 PA,,,,,,,,,,,,,,,,,Delete,,,,,,,,,,,,,,,,,,,,
76,Promo Product Maintenance,GW8_SUPERVISORS_2,Freedom 10 PA,,,,,,,,,,,,,,,,,Delete,,,,,,,,,,,,,,,,,,,,
77,Promo Product Maintenance,GW8_SUPERVISORS_3,Freedom 10 PA,,,,,,,,,,,,,,,,,Delete,,,,,,,,,,,,,,,,,,,,
78,Promo Product Maintenance,GW8_SUPERVISORS_4,Freedom 10 PA,,,,,,,,,,,,,,,,,Delete,,,,,,,,,,,,,,,,,,,,
79,Promo Product Maintenance,GW8_SUPERVISORS_5,Freedom 10 PA,,,,,,,,,,,,,,,,,Delete,,,,,,,,,,,,,,,,,,,,
80,Promo Product Maintenance,GW8_SUPERVISORS_6,Freedom 10 PA,,,,,,,,,,,,,,,,,Delete,,,,,,,,,,,,,,,,,,,,
81,Promo Product Maintenance,GW8_SUPERVISORS_7,Freedom 10 PA,,,,,,,,,,,,,,,,,Delete,,,,,,,,,,,,,,,,,,,,
82,Promo Product Maintenance,GW8_SUPERVISORS_8,Freedom 10 PA,,,,,,,,,,,,,,,,,Delete,,,,,,,,,,,,,,,,,,,,
83,Promo Product Maintenance,GW8_SUPERVISORS_9,Freedom 10 PA,,,,,,,,,,,,,,,,,Delete,,,,,,,,,,,,,,,,,,,,
84,Promo Product Maintenance,GW8_SUPERVISORS_STARTEK,Freedom 10 PA,,,,,,,,,,,,,,,,,Delete,,,,,,,,,,,,,,,,,,,,
85,Promo Product Maintenance,GW8_SUPERVISORS_TP,Freedom 10 PA,,,,,,,,,,,,,,,,,Delete,,,,,,,,,,,,,,,,,,,,
86,Promo Product Maintenance,GW8_SUPERVISORS_WINDSOR,Freedom 10 PA,,,,,,,,,,,,,,,,,Delete,,,,,,,,,,,,,,,,,,,,
87,Promo Product Maintenance,GW8_BACKOFFICE_COMPLAINTS,Freedom 10 PA,,,,,,,,,,,,,,,,,Delete,,,,,,,,,,,,,,,,,,,,
88,Promo Product Maintenance,GW8_BACKOFFICE_COMPLAINTS_1,Freedom 10 PA,,,,,,,,,,,,,,,,,Delete,,,,,,,,,,,,,,,,,,,,
89,Promo Product Maintenance,GW8_BACKOFFICE_COMPLAINTS_2,Freedom 10 PA,,,,,,,,,,,,,,,,,Delete,,,,,,,,,,,,,,,,,,,,
90,Promo Product Maintenance,GW8_BACKOFFICE_COMPLAINTS_3,Freedom 10 PA,,,,,,,,,,,,,,,,,Delete,,,,,,,,,,,,,,,,,,,,
91,Promo Product Maintenance,GW8_BACKOFFICE_COMPLAINTS_4,Freedom 10 PA,,,,,,,,,,,,,,,,,Delete,,,,,,,,,,,,,,,,,,,,
92,Promo Product Maintenance,GW8_BACK_OFFICE,Freedom 10 PA,,,,,,,,,,,,,,,,,Delete,,,,,,,,,,,,,,,,,,,,
93,Promo Product Maintenance,GW8_CREDIT_COLLECTIONS,Freedom 10 PA,,,,,,,,,,,,,,,,,Delete,,,,,,,,,,,,,,,,,,,,
94,Promo Product Maintenance,GW8_CREDIT_COLLECTIONS_1,Freedom 10 PA,,,,,,,,,,,,,,,,,Delete,,,,,,,,,,,,,,,,,,,,
95,Promo Product Maintenance,GW8_CREDIT_COLLECTIONS_10,Freedom 10 PA,,,,,,,,,,,,,,,,,Delete,,,,,,,,,,,,,,,,,,,,
96,Promo Product Maintenance,GW8_BACKOFFICE_COMPLAINTS_5,Freedom 10 PA,,,,,,,,,,,,,,,,,Delete,,,,,,,,,,,,,,,,,,,,
97,Promo Product Maintenance,GW8_CREDIT_COLLECTIONS_2,Freedom 10 PA,,,,,,,,,,,,,,,,,Delete,,,,,,,,,,,,,,,,,,,,
98,Promo Product Maintenance,GW8_CREDIT_COLLECTIONS_3,Freedom 10 PA,,,,,,,,,,,,,,,,,Delete,,,,,,,,,,,,,,,,,,,,
99,Promo Product Maintenance,GW8_CREDIT_COLLECTIONS_4,Freedom 10 PA,,,,,,,,,,,,,,,,,Delete,,,,,,,,,,,,,,,,,,,,
100,Promo Product Maintenance,GW8_CREDIT_COLLECTIONS_5,Freedom 10 PA,,,,,,,,,,,,,,,,,Delete,,,,,,,,,,,,,,,,,,,,
101,Promo Product Maintenance,GW8_CREDIT_COLLECTIONS_6,Freedom 10 PA,,,,,,,,,,,,,,,,,Delete,,,,,,,,,,,,,,,,,,,,
102,Promo Product Maintenance,GW8_CREDIT_COLLECTIONS_7,Freedom 10 PA,,,,,,,,,,,,,,,,,Delete,,,,,,,,,,,,,,,,,,,,
103,Promo Product Maintenance,GW8_CREDIT_COLLECTIONS_8,Freedom 10 PA,,,,,,,,,,,,,,,,,Delete,,,,,,,,,,,,,,,,,,,,
104,Promo Product Maintenance,GW8_CREDIT_COLLECTIONS_9,Freedom 10 PA,,,,,,,,,,,,,,,,,Delete,,,,,,,,,,,,,,,,,,,,
105,Promo Product Maintenance,CARE,Freedom 10 PA,,,,,,,,,,,,,,,,,Delete,,,,,,,,,,,,,,,,,,,,
106,Promo Product Maintenance,CUSTOMER_CARE,Freedom 10 PA,,,,,,,,,,,,,,,,,Delete,,,,,,,,,,,,,,,,,,,,
107,Promo Product Maintenance,GW8_CUSTOMER_CARE,Freedom 10 PA,,,,,,,,,,,,,,,,,Delete,,,,,,,,,,,,,,,,,,,,
108,Promo Product Maintenance,GW8_CUSTOMER_CARE_1,Freedom 10 PA,,,,,,,,,,,,,,,,,Delete,,,,,,,,,,,,,,,,,,,,
109,Promo Product Maintenance,GW8_CUSTOMER_CARE_10,Freedom 10 PA,,,,,,,,,,,,,,,,,Delete,,,,,,,,,,,,,,,,,,,,
110,Promo Product Maintenance,GW8_CUSTOMER_CARE_11,Freedom 10 PA,,,,,,,,,,,,,,,,,Delete,,,,,,,,,,,,,,,,,,,,
111,Promo Product Maintenance,GW8_CUSTOMER_CARE_12,Freedom 10 PA,,,,,,,,,,,,,,,,,Delete,,,,,,,,,,,,,,,,,,,,
112,Promo Product Maintenance,GW8_CUSTOMER_CARE_13,Freedom 10 PA,,,,,,,,,,,,,,,,,Delete,,,,,,,,,,,,,,,,,,,,
113,Promo Product Maintenance,GW8_CUSTOMER_CARE_14,Freedom 10 PA,,,,,,,,,,,,,,,,,Delete,,,,,,,,,,,,,,,,,,,,
114,Promo Product Maintenance,GW8_CUSTOMER_CARE_15,Freedom 10 PA,,,,,,,,,,,,,,,,,Delete,,,,,,,,,,,,,,,,,,,,
115,Promo Product Maintenance,GW8_DEDICATED_CC,Freedom 10 PA,,,,,,,,,,,,,,,,,Delete,,,,,,,,,,,,,,,,,,,,
116,Promo Product Maintenance,GW8_CUSTOMER_CARE_2,Freedom 10 PA,,,,,,,,,,,,,,,,,Delete,,,,,,,,,,,,,,,,,,,,
117,Promo Product Maintenance,GW8_CUSTOMER_CARE_3,Freedom 10 PA,,,,,,,,,,,,,,,,,Delete,,,,,,,,,,,,,,,,,,,,
118,Promo Product Maintenance,GW8_CUSTOMER_CARE_4,Freedom 10 PA,,,,,,,,,,,,,,,,,Delete,,,,,,,,,,,,,,,,,,,,
119,Promo Product Maintenance,GW8_CUSTOMER_CARE_5,Freedom 10 PA,,,,,,,,,,,,,,,,,Delete,,,,,,,,,,,,,,,,,,,,
120,Promo Product Maintenance,GW8_CUSTOMER_CARE_6,Freedom 10 PA,,,,,,,,,,,,,,,,,Delete,,,,,,,,,,,,,,,,,,,,
121,Promo Product Maintenance,GW8_CUSTOMER_CARE_7,Freedom 10 PA,,,,,,,,,,,,,,,,,Delete,,,,,,,,,,,,,,,,,,,,
122,Promo Product Maintenance,GW8_CUSTOMER_CARE_8,Freedom 10 PA,,,,,,,,,,,,,,,,,Delete,,,,,,,,,,,,,,,,,,,,
123,Promo Product Maintenance,GW8_CUSTOMER_CARE_9,Freedom 10 PA,,,,,,,,,,,,,,,,,Delete,,,,,,,,,,,,,,,,,,,,
124,Promo Product Maintenance,GW8_DEDICATED_BO,Freedom 10 PA,,,,,,,,,,,,,,,,,Delete,,,,,,,,,,,,,,,,,,,,
77,Promo Product Maintenance,BACK_OFFICE,Loyalty_Above_10_10,,,,,,,,,,,,,,,,,Delete,,,,,,,,,,,,,,,,,,,,
78,Promo Product Maintenance,BACKOFFICE_COMPLAINTS,Loyalty_Above_10_10,,,,,,,,,,,,,,,,,Delete,,,,,,,,,,,,,,,,,,,,
79,Promo Product Maintenance,CREDIT_COLLECTIONS,Loyalty_Above_10_10,,,,,,,,,,,,,,,,,Delete,,,,,,,,,,,,,,,,,,,,
80,Promo Product Maintenance,SUPERVISORS,Loyalty_Above_10_10,,,,,,,,,,,,,,,,,Delete,,,,,,,,,,,,,,,,,,,,
81,Promo Product Maintenance,GW8_SUPERVISORS,Loyalty_Above_10_10,,,,,,,,,,,,,,,,,Delete,,,,,,,,,,,,,,,,,,,,
82,Promo Product Maintenance,GW8_SUPERVISORS_1,Loyalty_Above_10_10,,,,,,,,,,,,,,,,,Delete,,,,,,,,,,,,,,,,,,,,
83,Promo Product Maintenance,GW8_SUPERVISORS_10,Loyalty_Above_10_10,,,,,,,,,,,,,,,,,Delete,,,,,,,,,,,,,,,,,,,,
84,Promo Product Maintenance,GW8_SUPERVISORS_11,Loyalty_Above_10_10,,,,,,,,,,,,,,,,,Delete,,,,,,,,,,,,,,,,,,,,
85,Promo Product Maintenance,GW8_SUPERVISORS_12,Loyalty_Above_10_10,,,,,,,,,,,,,,,,,Delete,,,,,,,,,,,,,,,,,,,,
86,Promo Product Maintenance,GW8_SUPERVISORS_13,Loyalty_Above_10_10,,,,,,,,,,,,,,,,,Delete,,,,,,,,,,,,,,,,,,,,
87,Promo Product Maintenance,GW8_SUPERVISORS_14,Loyalty_Above_10_10,,,,,,,,,,,,,,,,,Delete,,,,,,,,,,,,,,,,,,,,
88,Promo Product Maintenance,GW8_SUPERVISORS_15,Loyalty_Above_10_10,,,,,,,,,,,,,,,,,Delete,,,,,,,,,,,,,,,,,,,,
89,Promo Product Maintenance,GW8_SUPERVISORS_16,Loyalty_Above_10_10,,,,,,,,,,,,,,,,,Delete,,,,,,,,,,,,,,,,,,,,
90,Promo Product Maintenance,GW8_CC_UPALL,Loyalty_Above_10_10,,,,,,,,,,,,,,,,,Delete,,,,,,,,,,,,,,,,,,,,
91,Promo Product Maintenance,GW8_SUPERVISORS_2,Loyalty_Above_10_10,,,,,,,,,,,,,,,,,Delete,,,,,,,,,,,,,,,,,,,,
92,Promo Product Maintenance,GW8_CC_RTS_UP,Loyalty_Above_10_10,,,,,,,,,,,,,,,,,Delete,,,,,,,,,,,,,,,,,,,,
93,Promo Product Maintenance,GW8_SUPERVISORS_3,Loyalty_Above_10_10,,,,,,,,,,,,,,,,,Delete,,,,,,,,,,,,,,,,,,,,
94,Promo Product Maintenance,GW8_SUPERVISORS_4,Loyalty_Above_10_10,,,,,,,,,,,,,,,,,Delete,,,,,,,,,,,,,,,,,,,,
95,Promo Product Maintenance,GW8_SUPERVISORS_5,Loyalty_Above_10_10,,,,,,,,,,,,,,,,,Delete,,,,,,,,,,,,,,,,,,,,
96,Promo Product Maintenance,GW8_SUPERVISORS_6,Loyalty_Above_10_10,,,,,,,,,,,,,,,,,Delete,,,,,,,,,,,,,,,,,,,,
97,Promo Product Maintenance,GW8_SUPERVISORS_7,Loyalty_Above_10_10,,,,,,,,,,,,,,,,,Delete,,,,,,,,,,,,,,,,,,,,
98,Promo Product Maintenance,GW8_SUPERVISORS_8,Loyalty_Above_10_10,,,,,,,,,,,,,,,,,Delete,,,,,,,,,,,,,,,,,,,,
99,Promo Product Maintenance,GW8_SUPERVISORS_9,Loyalty_Above_10_10,,,,,,,,,,,,,,,,,Delete,,,,,,,,,,,,,,,,,,,,
100,Promo Product Maintenance,GW8_SUPERVISORS_STARTEK,Loyalty_Above_10_10,,,,,,,,,,,,,,,,,Delete,,,,,,,,,,,,,,,,,,,,
101,Promo Product Maintenance,GW8_SUPERVISORS_TP,Loyalty_Above_10_10,,,,,,,,,,,,,,,,,Delete,,,,,,,,,,,,,,,,,,,,
102,Promo Product Maintenance,GW8_SUPERVISORS_WINDSOR,Loyalty_Above_10_10,,,,,,,,,,,,,,,,,Delete,,,,,,,,,,,,,,,,,,,,
103,Promo Product Maintenance,GW8_BACKOFFICE_COMPLAINTS,Loyalty_Above_10_10,,,,,,,,,,,,,,,,,Delete,,,,,,,,,,,,,,,,,,,,
104,Promo Product Maintenance,GW8_BACKOFFICE_COMPLAINTS_1,Loyalty_Above_10_10,,,,,,,,,,,,,,,,,Delete,,,,,,,,,,,,,,,,,,,,
105,Promo Product Maintenance,GW8_BACKOFFICE_COMPLAINTS_2,Loyalty_Above_10_10,,,,,,,,,,,,,,,,,Delete,,,,,,,,,,,,,,,,,,,,
106,Promo Product Maintenance,GW8_BACKOFFICE_COMPLAINTS_3,Loyalty_Above_10_10,,,,,,,,,,,,,,,,,Delete,,,,,,,,,,,,,,,,,,,,
107,Promo Product Maintenance,GW8_BACKOFFICE_COMPLAINTS_4,Loyalty_Above_10_10,,,,,,,,,,,,,,,,,Delete,,,,,,,,,,,,,,,,,,,,
108,Promo Product Maintenance,GW8_BACKOFFICE_COMPLAINTS_5,Loyalty_Above_10_10,,,,,,,,,,,,,,,,,Delete,,,,,,,,,,,,,,,,,,,,
109,Promo Product Maintenance,GW8_BACK_OFFICE,Loyalty_Above_10_10,,,,,,,,,,,,,,,,,Delete,,,,,,,,,,,,,,,,,,,,
110,Promo Product Maintenance,GW8_CREDIT_COLLECTIONS,Loyalty_Above_10_10,,,,,,,,,,,,,,,,,Delete,,,,,,,,,,,,,,,,,,,,
111,Promo Product Maintenance,GW8_CREDIT_COLLECTIONS_1,Loyalty_Above_10_10,,,,,,,,,,,,,,,,,Delete,,,,,,,,,,,,,,,,,,,,
112,Promo Product Maintenance,GW8_CC_ESCALATION1,Loyalty_Above_10_10,,,,,,,,,,,,,,,,,Delete,,,,,,,,,,,,,,,,,,,,
113,Promo Product Maintenance,GW8_CREDIT_COLLECTIONS_10,Loyalty_Above_10_10,,,,,,,,,,,,,,,,,Delete,,,,,,,,,,,,,,,,,,,,
114,Promo Product Maintenance,GW8_CREDIT_COLLECTIONS_2,Loyalty_Above_10_10,,,,,,,,,,,,,,,,,Delete,,,,,,,,,,,,,,,,,,,,
115,Promo Product Maintenance,GW8_CREDIT_COLLECTIONS_3,Loyalty_Above_10_10,,,,,,,,,,,,,,,,,Delete,,,,,,,,,,,,,,,,,,,,
116,Promo Product Maintenance,GW8_CREDIT_COLLECTIONS_4,Loyalty_Above_10_10,,,,,,,,,,,,,,,,,Delete,,,,,,,,,,,,,,,,,,,,
117,Promo Product Maintenance,GW8_CREDIT_COLLECTIONS_5,Loyalty_Above_10_10,,,,,,,,,,,,,,,,,Delete,,,,,,,,,,,,,,,,,,,,
118,Promo Product Maintenance,GW8_CREDIT_COLLECTIONS_6,Loyalty_Above_10_10,,,,,,,,,,,,,,,,,Delete,,,,,,,,,,,,,,,,,,,,
119,Promo Product Maintenance,GW8_CREDIT_COLLECTIONS_7,Loyalty_Above_10_10,,,,,,,,,,,,,,,,,Delete,,,,,,,,,,,,,,,,,,,,
120,Promo Product Maintenance,GW8_CREDIT_COLLECTIONS_8,Loyalty_Above_10_10,,,,,,,,,,,,,,,,,Delete,,,,,,,,,,,,,,,,,,,,
121,Promo Product Maintenance,GW8_CREDIT_COLLECTIONS_9,Loyalty_Above_10_10,,,,,,,,,,,,,,,,,Delete,,,,,,,,,,,,,,,,,,,,
122,Promo Product Maintenance,GW8_DEDICATED_BO,Loyalty_Above_10_10,,,,,,,,,,,,,,,,,Delete,,,,,,,,,,,,,,,,,,,,
123,Promo Product Maintenance,GW8_CC_HD_QQ,Loyalty_Above_10_10,,,,,,,,,,,,,,,,,Delete,,,,,,,,,,,,,,,,,,,,
124,Promo Product Maintenance,GW8_CC_QQTL,Loyalty_Above_10_10,,,,,,,,,,,,,,,,,Delete,,,,,,,,,,,,,,,,,,,,
125,Promo Product Maintenance,GW8_CC_SUPERUSER,Loyalty_Above_10_10,,,,,,,,,,,,,,,,,Delete,,,,,,,,,,,,,,,,,,,,
126,Promo Product Maintenance,GW8_CC_BO,Loyalty_Above_10_10,,,,,,,,,,,,,,,,,Delete,,,,,,,,,,,,,,,,,,,,
127,Promo Product Maintenance,GW8_CC_WBO,Loyalty_Above_10_10,,,,,,,,,,,,,,,,,Delete,,,,,,,,,,,,,,,,,,,,
128,Promo Product Maintenance,GW8_CC_ESCALATION,Loyalty_Above_10_10,,,,,,,,,,,,,,,,,Delete,,,,,,,,,,,,,,,,,,,,
74,Promo Product Maintenance,BACK_OFFICE,Supervisor_Above_10_10,,,,,,,,,,,,,,,,,Delete,,,,,,,,,,,,,,,,,,,,
75,Promo Product Maintenance,BACKOFFICE_COMPLAINTS,Supervisor_Above_10_10,,,,,,,,,,,,,,,,,Delete,,,,,,,,,,,,,,,,,,,,
76,Promo Product Maintenance,CREDIT_COLLECTIONS,Supervisor_Above_10_10,,,,,,,,,,,,,,,,,Delete,,,,,,,,,,,,,,,,,,,,
77,Promo Product Maintenance,SUPERVISORS,Supervisor_Above_10_10,,,,,,,,,,,,,,,,,Delete,,,,,,,,,,,,,,,,,,,,
78,Promo Product Maintenance,GW8_SUPERVISORS,Supervisor_Above_10_10,,,,,,,,,,,,,,,,,Delete,,,,,,,,,,,,,,,,,,,,
79,Promo Product Maintenance,GW8_SUPERVISORS_1,Supervisor_Above_10_10,,,,,,,,,,,,,,,,,Delete,,,,,,,,,,,,,,,,,,,,
80,Promo Product Maintenance,GW8_SUPERVISORS_10,Supervisor_Above_10_10,,,,,,,,,,,,,,,,,Delete,,,,,,,,,,,,,,,,,,,,
81,Promo Product Maintenance,GW8_SUPERVISORS_11,Supervisor_Above_10_10,,,,,,,,,,,,,,,,,Delete,,,,,,,,,,,,,,,,,,,,
82,Promo Product Maintenance,GW8_SUPERVISORS_12,Supervisor_Above_10_10,,,,,,,,,,,,,,,,,Delete,,,,,,,,,,,,,,,,,,,,
83,Promo Product Maintenance,GW8_SUPERVISORS_13,Supervisor_Above_10_10,,,,,,,,,,,,,,,,,Delete,,,,,,,,,,,,,,,,,,,,
84,Promo Product Maintenance,GW8_SUPERVISORS_14,Supervisor_Above_10_10,,,,,,,,,,,,,,,,,Delete,,,,,,,,,,,,,,,,,,,,
85,Promo Product Maintenance,GW8_SUPERVISORS_15,Supervisor_Above_10_10,,,,,,,,,,,,,,,,,Delete,,,,,,,,,,,,,,,,,,,,
86,Promo Product Maintenance,GW8_SUPERVISORS_16,Supervisor_Above_10_10,,,,,,,,,,,,,,,,,Delete,,,,,,,,,,,,,,,,,,,,
87,Promo Product Maintenance,GW8_SUPERVISORS_2,Supervisor_Above_10_10,,,,,,,,,,,,,,,,,Delete,,,,,,,,,,,,,,,,,,,,
88,Promo Product Maintenance,GW8_SUPERVISORS_3,Supervisor_Above_10_10,,,,,,,,,,,,,,,,,Delete,,,,,,,,,,,,,,,,,,,,
89,Promo Product Maintenance,GW8_SUPERVISORS_4,Supervisor_Above_10_10,,,,,,,,,,,,,,,,,Delete,,,,,,,,,,,,,,,,,,,,
90,Promo Product Maintenance,GW8_SUPERVISORS_5,Supervisor_Above_10_10,,,,,,,,,,,,,,,,,Delete,,,,,,,,,,,,,,,,,,,,
91,Promo Product Maintenance,GW8_SUPERVISORS_6,Supervisor_Above_10_10,,,,,,,,,,,,,,,,,Delete,,,,,,,,,,,,,,,,,,,,
92,Promo Product Maintenance,GW8_SUPERVISORS_7,Supervisor_Above_10_10,,,,,,,,,,,,,,,,,Delete,,,,,,,,,,,,,,,,,,,,
93,Promo Product Maintenance,GW8_SUPERVISORS_8,Supervisor_Above_10_10,,,,,,,,,,,,,,,,,Delete,,,,,,,,,,,,,,,,,,,,
94,Promo Product Maintenance,GW8_SUPERVISORS_9,Supervisor_Above_10_10,,,,,,,,,,,,,,,,,Delete,,,,,,,,,,,,,,,,,,,,
95,Promo Product Maintenance,GW8_SUPERVISORS_STARTEK,Supervisor_Above_10_10,,,,,,,,,,,,,,,,,Delete,,,,,,,,,,,,,,,,,,,,
96,Promo Product Maintenance,GW8_SUPERVISORS_TP,Supervisor_Above_10_10,,,,,,,,,,,,,,,,,Delete,,,,,,,,,,,,,,,,,,,,
97,Promo Product Maintenance,GW8_SUPERVISORS_WINDSOR,Supervisor_Above_10_10,,,,,,,,,,,,,,,,,Delete,,,,,,,,,,,,,,,,,,,,
98,Promo Product Maintenance,GW8_CC_UPALL,Supervisor_Above_10_10,,,,,,,,,,,,,,,,,Delete,,,,,,,,,,,,,,,,,,,,
99,Promo Product Maintenance,GW8_BACKOFFICE_COMPLAINTS,Supervisor_Above_10_10,,,,,,,,,,,,,,,,,Delete,,,,,,,,,,,,,,,,,,,,
100,Promo Product Maintenance,GW8_CC_RTS_UP,Supervisor_Above_10_10,,,,,,,,,,,,,,,,,Delete,,,,,,,,,,,,,,,,,,,,
101,Promo Product Maintenance,GW8_BACKOFFICE_COMPLAINTS_1,Supervisor_Above_10_10,,,,,,,,,,,,,,,,,Delete,,,,,,,,,,,,,,,,,,,,
102,Promo Product Maintenance,GW8_CC_ESCALATION1,Supervisor_Above_10_10,,,,,,,,,,,,,,,,,Delete,,,,,,,,,,,,,,,,,,,,
103,Promo Product Maintenance,GW8_BACKOFFICE_COMPLAINTS_2,Supervisor_Above_10_10,,,,,,,,,,,,,,,,,Delete,,,,,,,,,,,,,,,,,,,,
104,Promo Product Maintenance,GW8_BACKOFFICE_COMPLAINTS_3,Supervisor_Above_10_10,,,,,,,,,,,,,,,,,Delete,,,,,,,,,,,,,,,,,,,,
105,Promo Product Maintenance,GW8_BACKOFFICE_COMPLAINTS_4,Supervisor_Above_10_10,,,,,,,,,,,,,,,,,Delete,,,,,,,,,,,,,,,,,,,,
106,Promo Product Maintenance,GW8_BACKOFFICE_COMPLAINTS_5,Supervisor_Above_10_10,,,,,,,,,,,,,,,,,Delete,,,,,,,,,,,,,,,,,,,,
107,Promo Product Maintenance,GW8_BACK_OFFICE,Supervisor_Above_10_10,,,,,,,,,,,,,,,,,Delete,,,,,,,,,,,,,,,,,,,,
108,Promo Product Maintenance,GW8_CREDIT_COLLECTIONS,Supervisor_Above_10_10,,,,,,,,,,,,,,,,,Delete,,,,,,,,,,,,,,,,,,,,
109,Promo Product Maintenance,GW8_CREDIT_COLLECTIONS_1,Supervisor_Above_10_10,,,,,,,,,,,,,,,,,Delete,,,,,,,,,,,,,,,,,,,,
110,Promo Product Maintenance,GW8_CREDIT_COLLECTIONS_10,Supervisor_Above_10_10,,,,,,,,,,,,,,,,,Delete,,,,,,,,,,,,,,,,,,,,
111,Promo Product Maintenance,GW8_CREDIT_COLLECTIONS_2,Supervisor_Above_10_10,,,,,,,,,,,,,,,,,Delete,,,,,,,,,,,,,,,,,,,,
112,Promo Product Maintenance,GW8_CREDIT_COLLECTIONS_3,Supervisor_Above_10_10,,,,,,,,,,,,,,,,,Delete,,,,,,,,,,,,,,,,,,,,
113,Promo Product Maintenance,GW8_CREDIT_COLLECTIONS_4,Supervisor_Above_10_10,,,,,,,,,,,,,,,,,Delete,,,,,,,,,,,,,,,,,,,,
114,Promo Product Maintenance,GW8_CREDIT_COLLECTIONS_5,Supervisor_Above_10_10,,,,,,,,,,,,,,,,,Delete,,,,,,,,,,,,,,,,,,,,
115,Promo Product Maintenance,GW8_CREDIT_COLLECTIONS_6,Supervisor_Above_10_10,,,,,,,,,,,,,,,,,Delete,,,,,,,,,,,,,,,,,,,,
116,Promo Product Maintenance,GW8_CREDIT_COLLECTIONS_7,Supervisor_Above_10_10,,,,,,,,,,,,,,,,,Delete,,,,,,,,,,,,,,,,,,,,
117,Promo Product Maintenance,GW8_CREDIT_COLLECTIONS_8,Supervisor_Above_10_10,,,,,,,,,,,,,,,,,Delete,,,,,,,,,,,,,,,,,,,,
118,Promo Product Maintenance,GW8_CREDIT_COLLECTIONS_9,Supervisor_Above_10_10,,,,,,,,,,,,,,,,,Delete,,,,,,,,,,,,,,,,,,,,
119,Promo Product Maintenance,GW8_DEDICATED_BO,Supervisor_Above_10_10,,,,,,,,,,,,,,,,,Delete,,,,,,,,,,,,,,,,,,,,
120,Promo Product Maintenance,GW8_CC_HD_QQ,Supervisor_Above_10_10,,,,,,,,,,,,,,,,,Delete,,,,,,,,,,,,,,,,,,,,
121,Promo Product Maintenance,GW8_CC_QQTL,Supervisor_Above_10_10,,,,,,,,,,,,,,,,,Delete,,,,,,,,,,,,,,,,,,,,
122,Promo Product Maintenance,GW8_CC_SUPERUSER,Supervisor_Above_10_10,,,,,,,,,,,,,,,,,Delete,,,,,,,,,,,,,,,,,,,,
123,Promo Product Maintenance,GW8_CC_ESCALATION,Supervisor_Above_10_10,,,,,,,,,,,,,,,,,Delete,,,,,,,,,,,,,,,,,,,,
74,Promo Product Maintenance,BACK_OFFICE,Supervisor_Above_6_10,,,,,,,,,,,,,,,,,Delete,,,,,,,,,,,,,,,,,,,,
75,Promo Product Maintenance,BACKOFFICE_COMPLAINTS,Supervisor_Above_6_10,,,,,,,,,,,,,,,,,Delete,,,,,,,,,,,,,,,,,,,,
76,Promo Product Maintenance,CREDIT_COLLECTIONS,Supervisor_Above_6_10,,,,,,,,,,,,,,,,,Delete,,,,,,,,,,,,,,,,,,,,
77,Promo Product Maintenance,SUPERVISORS,Supervisor_Above_6_10,,,,,,,,,,,,,,,,,Delete,,,,,,,,,,,,,,,,,,,,
78,Promo Product Maintenance,GW8_SUPERVISORS,Supervisor_Above_6_10,,,,,,,,,,,,,,,,,Delete,,,,,,,,,,,,,,,,,,,,
79,Promo Product Maintenance,GW8_SUPERVISORS_1,Supervisor_Above_6_10,,,,,,,,,,,,,,,,,Delete,,,,,,,,,,,,,,,,,,,,
80,Promo Product Maintenance,GW8_SUPERVISORS_10,Supervisor_Above_6_10,,,,,,,,,,,,,,,,,Delete,,,,,,,,,,,,,,,,,,,,
81,Promo Product Maintenance,GW8_SUPERVISORS_11,Supervisor_Above_6_10,,,,,,,,,,,,,,,,,Delete,,,,,,,,,,,,,,,,,,,,
82,Promo Product Maintenance,GW8_SUPERVISORS_12,Supervisor_Above_6_10,,,,,,,,,,,,,,,,,Delete,,,,,,,,,,,,,,,,,,,,
83,Promo Product Maintenance,GW8_SUPERVISORS_13,Supervisor_Above_6_10,,,,,,,,,,,,,,,,,Delete,,,,,,,,,,,,,,,,,,,,
84,Promo Product Maintenance,GW8_SUPERVISORS_14,Supervisor_Above_6_10,,,,,,,,,,,,,,,,,Delete,,,,,,,,,,,,,,,,,,,,
85,Promo Product Maintenance,GW8_SUPERVISORS_15,Supervisor_Above_6_10,,,,,,,,,,,,,,,,,Delete,,,,,,,,,,,,,,,,,,,,
86,Promo Product Maintenance,GW8_SUPERVISORS_16,Supervisor_Above_6_10,,,,,,,,,,,,,,,,,Delete,,,,,,,,,,,,,,,,,,,,
87,Promo Product Maintenance,GW8_SUPERVISORS_2,Supervisor_Above_6_10,,,,,,,,,,,,,,,,,Delete,,,,,,,,,,,,,,,,,,,,
88,Promo Product Maintenance,GW8_SUPERVISORS_3,Supervisor_Above_6_10,,,,,,,,,,,,,,,,,Delete,,,,,,,,,,,,,,,,,,,,
89,Promo Product Maintenance,GW8_SUPERVISORS_4,Supervisor_Above_6_10,,,,,,,,,,,,,,,,,Delete,,,,,,,,,,,,,,,,,,,,
90,Promo Product Maintenance,GW8_SUPERVISORS_5,Supervisor_Above_6_10,,,,,,,,,,,,,,,,,Delete,,,,,,,,,,,,,,,,,,,,
91,Promo Product Maintenance,GW8_SUPERVISORS_6,Supervisor_Above_6_10,,,,,,,,,,,,,,,,,Delete,,,,,,,,,,,,,,,,,,,,
92,Promo Product Maintenance,GW8_SUPERVISORS_7,Supervisor_Above_6_10,,,,,,,,,,,,,,,,,Delete,,,,,,,,,,,,,,,,,,,,
93,Promo Product Maintenance,GW8_SUPERVISORS_8,Supervisor_Above_6_10,,,,,,,,,,,,,,,,,Delete,,,,,,,,,,,,,,,,,,,,
94,Promo Product Maintenance,GW8_SUPERVISORS_9,Supervisor_Above_6_10,,,,,,,,,,,,,,,,,Delete,,,,,,,,,,,,,,,,,,,,
95,Promo Product Maintenance,GW8_CC_UPALL,Supervisor_Above_6_10,,,,,,,,,,,,,,,,,Delete,,,,,,,,,,,,,,,,,,,,
96,Promo Product Maintenance,GW8_SUPERVISORS_STARTEK,Supervisor_Above_6_10,,,,,,,,,,,,,,,,,Delete,,,,,,,,,,,,,,,,,,,,
97,Promo Product Maintenance,GW8_CC_RTS_UP,Supervisor_Above_6_10,,,,,,,,,,,,,,,,,Delete,,,,,,,,,,,,,,,,,,,,
98,Promo Product Maintenance,GW8_SUPERVISORS_TP,Supervisor_Above_6_10,,,,,,,,,,,,,,,,,Delete,,,,,,,,,,,,,,,,,,,,
99,Promo Product Maintenance,GW8_CC_ESCALATION1,Supervisor_Above_6_10,,,,,,,,,,,,,,,,,Delete,,,,,,,,,,,,,,,,,,,,
100,Promo Product Maintenance,GW8_SUPERVISORS_WINDSOR,Supervisor_Above_6_10,,,,,,,,,,,,,,,,,Delete,,,,,,,,,,,,,,,,,,,,
101,Promo Product Maintenance,GW8_BACKOFFICE_COMPLAINTS,Supervisor_Above_6_10,,,,,,,,,,,,,,,,,Delete,,,,,,,,,,,,,,,,,,,,
102,Promo Product Maintenance,GW8_BACKOFFICE_COMPLAINTS_1,Supervisor_Above_6_10,,,,,,,,,,,,,,,,,Delete,,,,,,,,,,,,,,,,,,,,
103,Promo Product Maintenance,GW8_BACKOFFICE_COMPLAINTS_2,Supervisor_Above_6_10,,,,,,,,,,,,,,,,,Delete,,,,,,,,,,,,,,,,,,,,
104,Promo Product Maintenance,GW8_BACKOFFICE_COMPLAINTS_3,Supervisor_Above_6_10,,,,,,,,,,,,,,,,,Delete,,,,,,,,,,,,,,,,,,,,
105,Promo Product Maintenance,GW8_BACKOFFICE_COMPLAINTS_4,Supervisor_Above_6_10,,,,,,,,,,,,,,,,,Delete,,,,,,,,,,,,,,,,,,,,
106,Promo Product Maintenance,GW8_BACKOFFICE_COMPLAINTS_5,Supervisor_Above_6_10,,,,,,,,,,,,,,,,,Delete,,,,,,,,,,,,,,,,,,,,
107,Promo Product Maintenance,GW8_BACK_OFFICE,Supervisor_Above_6_10,,,,,,,,,,,,,,,,,Delete,,,,,,,,,,,,,,,,,,,,
108,Promo Product Maintenance,GW8_CREDIT_COLLECTIONS,Supervisor_Above_6_10,,,,,,,,,,,,,,,,,Delete,,,,,,,,,,,,,,,,,,,,
109,Promo Product Maintenance,GW8_CREDIT_COLLECTIONS_1,Supervisor_Above_6_10,,,,,,,,,,,,,,,,,Delete,,,,,,,,,,,,,,,,,,,,
110,Promo Product Maintenance,GW8_CREDIT_COLLECTIONS_10,Supervisor_Above_6_10,,,,,,,,,,,,,,,,,Delete,,,,,,,,,,,,,,,,,,,,
111,Promo Product Maintenance,GW8_CREDIT_COLLECTIONS_2,Supervisor_Above_6_10,,,,,,,,,,,,,,,,,Delete,,,,,,,,,,,,,,,,,,,,
112,Promo Product Maintenance,GW8_CREDIT_COLLECTIONS_3,Supervisor_Above_6_10,,,,,,,,,,,,,,,,,Delete,,,,,,,,,,,,,,,,,,,,
113,Promo Product Maintenance,GW8_CREDIT_COLLECTIONS_4,Supervisor_Above_6_10,,,,,,,,,,,,,,,,,Delete,,,,,,,,,,,,,,,,,,,,
114,Promo Product Maintenance,GW8_CREDIT_COLLECTIONS_5,Supervisor_Above_6_10,,,,,,,,,,,,,,,,,Delete,,,,,,,,,,,,,,,,,,,,
115,Promo Product Maintenance,GW8_CREDIT_COLLECTIONS_6,Supervisor_Above_6_10,,,,,,,,,,,,,,,,,Delete,,,,,,,,,,,,,,,,,,,,
116,Promo Product Maintenance,GW8_CREDIT_COLLECTIONS_7,Supervisor_Above_6_10,,,,,,,,,,,,,,,,,Delete,,,,,,,,,,,,,,,,,,,,
117,Promo Product Maintenance,GW8_CREDIT_COLLECTIONS_8,Supervisor_Above_6_10,,,,,,,,,,,,,,,,,Delete,,,,,,,,,,,,,,,,,,,,
118,Promo Product Maintenance,GW8_CREDIT_COLLECTIONS_9,Supervisor_Above_6_10,,,,,,,,,,,,,,,,,Delete,,,,,,,,,,,,,,,,,,,,
119,Promo Product Maintenance,GW8_DEDICATED_BO,Supervisor_Above_6_10,,,,,,,,,,,,,,,,,Delete,,,,,,,,,,,,,,,,,,,,
120,Promo Product Maintenance,GW8_CC_HD_QQ,Supervisor_Above_6_10,,,,,,,,,,,,,,,,,Delete,,,,,,,,,,,,,,,,,,,,
121,Promo Product Maintenance,GW8_CC_QQTL,Supervisor_Above_6_10,,,,,,,,,,,,,,,,,Delete,,,,,,,,,,,,,,,,,,,,
122,Promo Product Maintenance,GW8_CC_SUPERUSER,Supervisor_Above_6_10,,,,,,,,,,,,,,,,,Delete,,,,,,,,,,,,,,,,,,,,
123,Promo Product Maintenance,GW8_CC_ESCALATION,Supervisor_Above_6_10,,,,,,,,,,,,,,,,,Delete,,,,,,,,,,,,,,,,,,,,
78,Promo Product Maintenance,BACK_OFFICE,THX 10$ Abv MRC 6 Months,,,,,,,,,,,,,,,,,Delete,,,,,,,,,,,,,,,,,,,,
79,Promo Product Maintenance,BACKOFFICE_COMPLAINTS,THX 10$ Abv MRC 6 Months,,,,,,,,,,,,,,,,,Delete,,,,,,,,,,,,,,,,,,,,
80,Promo Product Maintenance,CREDIT_COLLECTIONS,THX 10$ Abv MRC 6 Months,,,,,,,,,,,,,,,,,Delete,,,,,,,,,,,,,,,,,,,,
81,Promo Product Maintenance,SUPERVISORS,THX 10$ Abv MRC 6 Months,,,,,,,,,,,,,,,,,Delete,,,,,,,,,,,,,,,,,,,,
82,Promo Product Maintenance,GW8_SUPERVISORS,THX 10$ Abv MRC 6 Months,,,,,,,,,,,,,,,,,Delete,,,,,,,,,,,,,,,,,,,,
83,Promo Product Maintenance,GW8_SUPERVISORS_1,THX 10$ Abv MRC 6 Months,,,,,,,,,,,,,,,,,Delete,,,,,,,,,,,,,,,,,,,,
84,Promo Product Maintenance,GW8_SUPERVISORS_10,THX 10$ Abv MRC 6 Months,,,,,,,,,,,,,,,,,Delete,,,,,,,,,,,,,,,,,,,,
85,Promo Product Maintenance,GW8_CC_ESCALATION1,THX 10$ Abv MRC 6 Months,,,,,,,,,,,,,,,,,Delete,,,,,,,,,,,,,,,,,,,,
86,Promo Product Maintenance,GW8_SUPERVISORS_11,THX 10$ Abv MRC 6 Months,,,,,,,,,,,,,,,,,Delete,,,,,,,,,,,,,,,,,,,,
87,Promo Product Maintenance,GW8_CC_UPALL,THX 10$ Abv MRC 6 Months,,,,,,,,,,,,,,,,,Delete,,,,,,,,,,,,,,,,,,,,
88,Promo Product Maintenance,GW8_SUPERVISORS_12,THX 10$ Abv MRC 6 Months,,,,,,,,,,,,,,,,,Delete,,,,,,,,,,,,,,,,,,,,
89,Promo Product Maintenance,GW8_CC_RTS_UP,THX 10$ Abv MRC 6 Months,,,,,,,,,,,,,,,,,Delete,,,,,,,,,,,,,,,,,,,,
90,Promo Product Maintenance,GW8_SUPERVISORS_13,THX 10$ Abv MRC 6 Months,,,,,,,,,,,,,,,,,Delete,,,,,,,,,,,,,,,,,,,,
91,Promo Product Maintenance,GW8_SUPERVISORS_14,THX 10$ Abv MRC 6 Months,,,,,,,,,,,,,,,,,Delete,,,,,,,,,,,,,,,,,,,,
92,Promo Product Maintenance,GW8_SUPERVISORS_15,THX 10$ Abv MRC 6 Months,,,,,,,,,,,,,,,,,Delete,,,,,,,,,,,,,,,,,,,,
93,Promo Product Maintenance,GW8_SUPERVISORS_16,THX 10$ Abv MRC 6 Months,,,,,,,,,,,,,,,,,Delete,,,,,,,,,,,,,,,,,,,,
94,Promo Product Maintenance,GW8_SUPERVISORS_2,THX 10$ Abv MRC 6 Months,,,,,,,,,,,,,,,,,Delete,,,,,,,,,,,,,,,,,,,,
95,Promo Product Maintenance,GW8_SUPERVISORS_3,THX 10$ Abv MRC 6 Months,,,,,,,,,,,,,,,,,Delete,,,,,,,,,,,,,,,,,,,,
96,Promo Product Maintenance,GW8_SUPERVISORS_4,THX 10$ Abv MRC 6 Months,,,,,,,,,,,,,,,,,Delete,,,,,,,,,,,,,,,,,,,,
97,Promo Product Maintenance,GW8_SUPERVISORS_5,THX 10$ Abv MRC 6 Months,,,,,,,,,,,,,,,,,Delete,,,,,,,,,,,,,,,,,,,,
98,Promo Product Maintenance,GW8_SUPERVISORS_6,THX 10$ Abv MRC 6 Months,,,,,,,,,,,,,,,,,Delete,,,,,,,,,,,,,,,,,,,,
99,Promo Product Maintenance,GW8_SUPERVISORS_7,THX 10$ Abv MRC 6 Months,,,,,,,,,,,,,,,,,Delete,,,,,,,,,,,,,,,,,,,,
100,Promo Product Maintenance,GW8_SUPERVISORS_8,THX 10$ Abv MRC 6 Months,,,,,,,,,,,,,,,,,Delete,,,,,,,,,,,,,,,,,,,,
101,Promo Product Maintenance,GW8_SUPERVISORS_9,THX 10$ Abv MRC 6 Months,,,,,,,,,,,,,,,,,Delete,,,,,,,,,,,,,,,,,,,,
102,Promo Product Maintenance,GW8_SUPERVISORS_STARTEK,THX 10$ Abv MRC 6 Months,,,,,,,,,,,,,,,,,Delete,,,,,,,,,,,,,,,,,,,,
103,Promo Product Maintenance,GW8_SUPERVISORS_TP,THX 10$ Abv MRC 6 Months,,,,,,,,,,,,,,,,,Delete,,,,,,,,,,,,,,,,,,,,
104,Promo Product Maintenance,GW8_SUPERVISORS_WINDSOR,THX 10$ Abv MRC 6 Months,,,,,,,,,,,,,,,,,Delete,,,,,,,,,,,,,,,,,,,,
105,Promo Product Maintenance,GW8_BACKOFFICE_COMPLAINTS,THX 10$ Abv MRC 6 Months,,,,,,,,,,,,,,,,,Delete,,,,,,,,,,,,,,,,,,,,
106,Promo Product Maintenance,GW8_BACKOFFICE_COMPLAINTS_1,THX 10$ Abv MRC 6 Months,,,,,,,,,,,,,,,,,Delete,,,,,,,,,,,,,,,,,,,,
107,Promo Product Maintenance,GW8_BACKOFFICE_COMPLAINTS_2,THX 10$ Abv MRC 6 Months,,,,,,,,,,,,,,,,,Delete,,,,,,,,,,,,,,,,,,,,
108,Promo Product Maintenance,GW8_BACKOFFICE_COMPLAINTS_3,THX 10$ Abv MRC 6 Months,,,,,,,,,,,,,,,,,Delete,,,,,,,,,,,,,,,,,,,,
109,Promo Product Maintenance,GW8_BACKOFFICE_COMPLAINTS_4,THX 10$ Abv MRC 6 Months,,,,,,,,,,,,,,,,,Delete,,,,,,,,,,,,,,,,,,,,
110,Promo Product Maintenance,GW8_BACK_OFFICE,THX 10$ Abv MRC 6 Months,,,,,,,,,,,,,,,,,Delete,,,,,,,,,,,,,,,,,,,,
111,Promo Product Maintenance,GW8_CREDIT_COLLECTIONS,THX 10$ Abv MRC 6 Months,,,,,,,,,,,,,,,,,Delete,,,,,,,,,,,,,,,,,,,,
112,Promo Product Maintenance,GW8_CREDIT_COLLECTIONS_1,THX 10$ Abv MRC 6 Months,,,,,,,,,,,,,,,,,Delete,,,,,,,,,,,,,,,,,,,,
113,Promo Product Maintenance,GW8_CREDIT_COLLECTIONS_10,THX 10$ Abv MRC 6 Months,,,,,,,,,,,,,,,,,Delete,,,,,,,,,,,,,,,,,,,,
114,Promo Product Maintenance,GW8_BACKOFFICE_COMPLAINTS_5,THX 10$ Abv MRC 6 Months,,,,,,,,,,,,,,,,,Delete,,,,,,,,,,,,,,,,,,,,
115,Promo Product Maintenance,GW8_CREDIT_COLLECTIONS_2,THX 10$ Abv MRC 6 Months,,,,,,,,,,,,,,,,,Delete,,,,,,,,,,,,,,,,,,,,
116,Promo Product Maintenance,GW8_CREDIT_COLLECTIONS_3,THX 10$ Abv MRC 6 Months,,,,,,,,,,,,,,,,,Delete,,,,,,,,,,,,,,,,,,,,
117,Promo Product Maintenance,GW8_CREDIT_COLLECTIONS_4,THX 10$ Abv MRC 6 Months,,,,,,,,,,,,,,,,,Delete,,,,,,,,,,,,,,,,,,,,
118,Promo Product Maintenance,GW8_CREDIT_COLLECTIONS_5,THX 10$ Abv MRC 6 Months,,,,,,,,,,,,,,,,,Delete,,,,,,,,,,,,,,,,,,,,
119,Promo Product Maintenance,GW8_CREDIT_COLLECTIONS_6,THX 10$ Abv MRC 6 Months,,,,,,,,,,,,,,,,,Delete,,,,,,,,,,,,,,,,,,,,
120,Promo Product Maintenance,GW8_CREDIT_COLLECTIONS_7,THX 10$ Abv MRC 6 Months,,,,,,,,,,,,,,,,,Delete,,,,,,,,,,,,,,,,,,,,
121,Promo Product Maintenance,GW8_CREDIT_COLLECTIONS_8,THX 10$ Abv MRC 6 Months,,,,,,,,,,,,,,,,,Delete,,,,,,,,,,,,,,,,,,,,
122,Promo Product Maintenance,GW8_CREDIT_COLLECTIONS_9,THX 10$ Abv MRC 6 Months,,,,,,,,,,,,,,,,,Delete,,,,,,,,,,,,,,,,,,,,
123,Promo Product Maintenance,CARE,THX 10$ Abv MRC 6 Months,,,,,,,,,,,,,,,,,Delete,,,,,,,,,,,,,,,,,,,,
124,Promo Product Maintenance,CUSTOMER_CARE,THX 10$ Abv MRC 6 Months,,,,,,,,,,,,,,,,,Delete,,,,,,,,,,,,,,,,,,,,
125,Promo Product Maintenance,GW8_CUSTOMER_CARE,THX 10$ Abv MRC 6 Months,,,,,,,,,,,,,,,,,Delete,,,,,,,,,,,,,,,,,,,,
126,Promo Product Maintenance,GW8_CUSTOMER_CARE_1,THX 10$ Abv MRC 6 Months,,,,,,,,,,,,,,,,,Delete,,,,,,,,,,,,,,,,,,,,
127,Promo Product Maintenance,GW8_CUSTOMER_CARE_10,THX 10$ Abv MRC 6 Months,,,,,,,,,,,,,,,,,Delete,,,,,,,,,,,,,,,,,,,,
128,Promo Product Maintenance,GW8_CUSTOMER_CARE_11,THX 10$ Abv MRC 6 Months,,,,,,,,,,,,,,,,,Delete,,,,,,,,,,,,,,,,,,,,
129,Promo Product Maintenance,GW8_CUSTOMER_CARE_12,THX 10$ Abv MRC 6 Months,,,,,,,,,,,,,,,,,Delete,,,,,,,,,,,,,,,,,,,,
130,Promo Product Maintenance,GW8_CUSTOMER_CARE_13,THX 10$ Abv MRC 6 Months,,,,,,,,,,,,,,,,,Delete,,,,,,,,,,,,,,,,,,,,
131,Promo Product Maintenance,GW8_CUSTOMER_CARE_14,THX 10$ Abv MRC 6 Months,,,,,,,,,,,,,,,,,Delete,,,,,,,,,,,,,,,,,,,,
132,Promo Product Maintenance,GW8_CUSTOMER_CARE_15,THX 10$ Abv MRC 6 Months,,,,,,,,,,,,,,,,,Delete,,,,,,,,,,,,,,,,,,,,
133,Promo Product Maintenance,GW8_DEDICATED_CC,THX 10$ Abv MRC 6 Months,,,,,,,,,,,,,,,,,Delete,,,,,,,,,,,,,,,,,,,,
134,Promo Product Maintenance,GW8_CUSTOMER_CARE_17,THX 10$ Abv MRC 6 Months,,,,,,,,,,,,,,,,,Delete,,,,,,,,,,,,,,,,,,,,
135,Promo Product Maintenance,GW8_CUSTOMER_CARE_2,THX 10$ Abv MRC 6 Months,,,,,,,,,,,,,,,,,Delete,,,,,,,,,,,,,,,,,,,,
136,Promo Product Maintenance,GW8_CUSTOMER_CARE_3,THX 10$ Abv MRC 6 Months,,,,,,,,,,,,,,,,,Delete,,,,,,,,,,,,,,,,,,,,
137,Promo Product Maintenance,GW8_CUSTOMER_CARE_4,THX 10$ Abv MRC 6 Months,,,,,,,,,,,,,,,,,Delete,,,,,,,,,,,,,,,,,,,,
138,Promo Product Maintenance,GW8_CUSTOMER_CARE_5,THX 10$ Abv MRC 6 Months,,,,,,,,,,,,,,,,,Delete,,,,,,,,,,,,,,,,,,,,
139,Promo Product Maintenance,GW8_CUSTOMER_CARE_6,THX 10$ Abv MRC 6 Months,,,,,,,,,,,,,,,,,Delete,,,,,,,,,,,,,,,,,,,,
140,Promo Product Maintenance,GW8_CUSTOMER_CARE_7,THX 10$ Abv MRC 6 Months,,,,,,,,,,,,,,,,,Delete,,,,,,,,,,,,,,,,,,,,
141,Promo Product Maintenance,GW8_CUSTOMER_CARE_8,THX 10$ Abv MRC 6 Months,,,,,,,,,,,,,,,,,Delete,,,,,,,,,,,,,,,,,,,,
142,Promo Product Maintenance,GW8_CUSTOMER_CARE_9,THX 10$ Abv MRC 6 Months,,,,,,,,,,,,,,,,,Delete,,,,,,,,,,,,,,,,,,,,
144,Promo Product Maintenance,GW8_CC_L2TECH,THX 10$ Abv MRC 6 Months,,,,,,,,,,,,,,,,,Delete,,,,,,,,,,,,,,,,,,,,
145,Promo Product Maintenance,GW8_CC_BO,THX 10$ Abv MRC 6 Months,,,,,,,,,,,,,,,,,Delete,,,,,,,,,,,,,,,,,,,,
146,Promo Product Maintenance,GW8_CC_WBO,THX 10$ Abv MRC 6 Months,,,,,,,,,,,,,,,,,Delete,,,,,,,,,,,,,,,,,,,,
147,Promo Product Maintenance,GW8_CC_ESCALATION,THX 10$ Abv MRC 6 Months,,,,,,,,,,,,,,,,,Delete,,,,,,,,,,,,,,,,,,,,
148,Promo Product Maintenance,GW8_CC_HD_QQ,THX 10$ Abv MRC 6 Months,,,,,,,,,,,,,,,,,Delete,,,,,,,,,,,,,,,,,,,,
149,Promo Product Maintenance,GW8_CC_QQTL,THX 10$ Abv MRC 6 Months,,,,,,,,,,,,,,,,,Delete,,,,,,,,,,,,,,,,,,,,
150,Promo Product Maintenance,GW8_CC_SUPERUSER,THX 10$ Abv MRC 6 Months,,,,,,,,,,,,,,,,,Delete,,,,,,,,,,,,,,,,,,,,
75,Promo Product Maintenance,GW8_CC_MULTI_TENANT,THX 10$ Abv MRC 6 Months,,,,,,,,,,,,,,,,,Add,,,,,,,,,,,,,,,,,,,,
70,Promo Product Maintenance,GW8_CC_MULTI_TENANT,Loyalty_Above_10_10,,,,,,,,,,,,,,,,,Add,,,,,,,,,,,,,,,,,,,,
70,Promo Product Maintenance,GW8_CC_MULTI_TENANT,Supervisor_Above_6_10,,,,,,,,,,,,,,,,,Add,,,,,,,,,,,,,,,,,,,,
70,Promo Product Maintenance,GW8_CC_MULTI_TENANT,Supervisor_Above_10_10,,,,,,,,,,,,,,,,,Add,,,,,,,,,,,,,,,,,,,,
123,Promo Product Maintenance,GW8_CC_MULTI_TENANT,Loyalty_Above_10_10,,,,,,,,,,,,,,,,,Delete,,,,,,,,,,,,,,,,,,,,
120,Promo Product Maintenance,GW8_CC_MULTI_TENANT,Supervisor_Above_10_10,,,,,,,,,,,,,,,,,Delete,,,,,,,,,,,,,,,,,,,,
120,Promo Product Maintenance,GW8_CC_MULTI_TENANT,Supervisor_Above_6_10,,,,,,,,,,,,,,,,,Delete,,,,,,,,,,,,,,,,,,,,
148,Promo Product Maintenance,GW8_CC_MULTI_TENANT,THX 10$ Abv MRC 6 Months,,,,,,,,,,,,,,,,,Delete,,,,,,,,,,,,,,,,,,,,
